1,0.0035
0.999999238,0.003500081
0.999996954,0.003500323
0.999993146,0.003500726
0.999987815,0.00350129
0.999980962,0.003502016
0.999972585,0.003502903
0.999962685,0.003503952
0.999951262,0.003505161
0.999938316,0.003506532
0.999923848,0.003508064
0.999907856,0.003509758
0.999890342,0.003511613
0.999871305,0.003513629
0.999850745,0.003515806
0.999828662,0.003518144
0.999805058,0.003520644
0.99977993,0.003523305
0.99975328,0.003526127
0.999725108,0.003529111
0.999695414,0.003532255
0.999664197,0.003535561
0.999631458,0.003539028
0.999597198,0.003542656
0.999561415,0.003546446
0.999524111,0.003550396
0.999485285,0.003554508
0.999444937,0.00355878
0.999403069,0.003563214
0.999359679,0.003567809
0.999314767,0.003572565
0.999268335,0.003577482
0.999220382,0.003582561
0.999170908,0.0035878
0.999119914,0.0035932
0.999067399,0.003598761
0.999013364,0.003604484
0.998957809,0.003610367
0.998900734,0.003616411
0.998842139,0.003622616
0.998782025,0.003628982
0.998720391,0.003635509
0.998657239,0.003642197
0.998592567,0.003649046
0.998526376,0.003656055
0.998458667,0.003663225
0.998389439,0.003670556
0.998318693,0.003678048
0.99824643,0.003685701
0.998172648,0.003693514
0.998097349,0.003701488
0.998020533,0.003709623
0.997942199,0.003717919
0.997862349,0.003726375
0.997780982,0.003734991
0.997698099,0.003743769
0.9976137,0.003752706
0.997527785,0.003761805
0.997440354,0.003771063
0.997351409,0.003780483
0.997260948,0.003790062
0.997168972,0.003799803
0.997075482,0.003809703
0.996980478,0.003819764
0.99688396,0.003829985
0.996785928,0.003840366
0.996686383,0.003850908
0.996585325,0.00386161
0.996482754,0.003872472
0.996378671,0.003883494
0.996273076,0.003894677
0.996165969,0.003906019
0.996057351,0.003917522
0.995947221,0.003929184
0.995835581,0.003941007
0.995722431,0.00395299
0.99560777,0.003965132
0.9954916,0.003977434
0.99537392,0.003989896
0.995254732,0.004002518
0.995134034,0.0040153
0.995011829,0.004028241
0.994888115,0.004041343
0.994762895,0.004054603
0.994636166,0.004068024
0.994507932,0.004081604
0.994378191,0.004095343
0.994246943,0.004109242
0.994114191,0.0041233
0.993979933,0.004137518
0.99384417,0.004151895
0.993706903,0.004166432
0.993568133,0.004181127
0.993427858,0.004195982
0.993286081,0.004210996
0.993142801,0.004226169
0.992998019,0.004241502
0.992851735,0.004256993
0.992703949,0.004272643
0.992554663,0.004288452
0.992403877,0.004304421
0.99225159,0.004320547
0.992097804,0.004336833
0.991942519,0.004353278
0.991785735,0.004369881
0.991627454,0.004386643
0.991467675,0.004403563
0.991306398,0.004420642
0.991143625,0.00443788
0.990979356,0.004455276
0.990813592,0.00447283
0.990646332,0.004490542
0.990477578,0.004508413
0.990307329,0.004526442
0.990135587,0.00454463
0.989962352,0.004562975
0.989787625,0.004581479
0.989611405,0.00460014
0.989433694,0.004618959
0.989254493,0.004637937
0.9890738,0.004657072
0.988891618,0.004676365
0.988707947,0.004695815
0.988522787,0.004715423
0.988336139,0.004735189
0.988148004,0.004755112
0.987958381,0.004775193
0.987767272,0.004795431
0.987574677,0.004815827
0.987380597,0.00483638
0.987185032,0.00485709
0.986987984,0.004877957
0.986789451,0.004898982
0.986589436,0.004920163
0.986387939,0.004941501
0.98618496,0.004962996
0.9859805,0.004984649
0.98577456,0.005006457
0.98556714,0.005028423
0.985358241,0.005050545
0.985147863,0.005072824
0.984936008,0.005095259
0.984722675,0.005117851
0.984507866,0.005140599
0.984291581,0.005163503
0.98407382,0.005186564
0.983854585,0.00520978
0.983633876,0.005233153
0.983411694,0.005256682
0.98318804,0.005280367
0.982962913,0.005304207
0.982736315,0.005328204
0.982508247,0.005352356
0.982278709,0.005376664
0.982047702,0.005401127
0.981815227,0.005425746
0.981581283,0.00545052
0.981345873,0.00547545
0.981108997,0.005500535
0.980870655,0.005525775
0.980630848,0.00555117
0.980389577,0.005576721
0.980146843,0.005602426
0.979902646,0.005628286
0.979656987,0.005654301
0.979409867,0.005680471
0.979161287,0.005706795
0.978911247,0.005733274
0.978659749,0.005759907
0.978406792,0.005786695
0.978152378,0.005813637
0.977896507,0.005840734
0.977639181,0.005867984
0.9773804,0.005895389
0.977120164,0.005922948
0.976858475,0.00595066
0.976595334,0.005978527
0.976330741,0.006006547
0.976064696,0.00603472
0.975797202,0.006063048
0.975528258,0.006091529
0.975257866,0.006120163
0.974986026,0.00614895
0.974712739,0.006177891
0.974438006,0.006206985
0.974161828,0.006236232
0.973884205,0.006265632
0.973605139,0.006295185
0.97332463,0.00632489
0.973042679,0.006354749
0.972759288,0.006384759
0.972474456,0.006414923
0.972188185,0.006445238
0.971900476,0.006475707
0.971611329,0.006506327
0.971320746,0.006537099
0.971028726,0.006568024
0.970735272,0.0065991
0.970440384,0.006630328
0.970144064,0.006661709
0.96984631,0.00669324
0.969547126,0.006724924
0.969246511,0.006756758
0.968944467,0.006788744
0.968640995,0.006820882
0.968336095,0.00685317
0.968029768,0.00688561
0.967722015,0.006918201
0.967412838,0.006950942
0.967102237,0.006983834
0.966790213,0.007016877
0.966476767,0.007050071
0.966161901,0.007083415
0.965845614,0.007116909
0.965527908,0.007150554
0.965208784,0.007184349
0.964888243,0.007218294
0.964566286,0.007252389
0.964242913,0.007286633
0.963918127,0.007321028
0.963591927,0.007355572
0.963264315,0.007390266
0.962935292,0.007425109
0.962604859,0.007460101
0.962273017,0.007495243
0.961939766,0.007530534
0.961605109,0.007565974
0.961269045,0.007601563
0.960931576,0.0076373
0.960592703,0.007673186
0.960252427,0.007709221
0.959910749,0.007745405
0.95956767,0.007781736
0.959223191,0.007818216
0.958877313,0.007854844
0.958530037,0.00789162
0.958181365,0.007928544
0.957831297,0.007965616
0.957479834,0.008002836
0.957126978,0.008040203
0.956772729,0.008077717
0.956417089,0.008115379
0.956060058,0.008153188
0.955701638,0.008191144
0.95534183,0.008229248
0.954980635,0.008267498
0.954618055,0.008305895
0.954254089,0.008344438
0.953888739,0.008383128
0.953522007,0.008421965
0.953153894,0.008460948
0.9527844,0.008500077
0.952413526,0.008539352
0.952041275,0.008578773
0.951667646,0.008618339
0.951292642,0.008658052
0.950916263,0.00869791
0.950538511,0.008737913
0.950159386,0.008778062
0.949778889,0.008818356
0.949397023,0.008858796
0.949013788,0.00889938
0.948629185,0.008940109
0.948243215,0.008980983
0.94785588,0.009022001
0.947467181,0.009063164
0.947077118,0.009104471
0.946685694,0.009145922
0.946292909,0.009187518
0.945898765,0.009229257
0.945503262,0.00927114
0.945106402,0.009313167
0.944708187,0.009355338
0.944308616,0.009397652
0.943907693,0.009440109
0.943505417,0.00948271
0.94310179,0.009525453
0.942696813,0.00956834
0.942290488,0.009611369
0.941882815,0.009654541
0.941473796,0.009697856
0.941063433,0.009741313
0.940651726,0.009784912
0.940238677,0.009828654
0.939824286,0.009872537
0.939408556,0.009916563
0.938991488,0.00996073
0.938573082,0.010005038
0.93815334,0.010049488
0.937732264,0.01009408
0.937309854,0.010138813
0.936886112,0.010183686
0.936461039,0.010228701
0.936034636,0.010273857
0.935606906,0.010319153
0.935177848,0.01036459
0.934747465,0.010410167
0.934315757,0.010455884
0.933882727,0.010501741
0.933448374,0.010547739
0.933012702,0.010593876
0.93257571,0.010640153
0.932137401,0.010686569
0.931697775,0.010733125
0.931256835,0.01077982
0.93081458,0.010826655
0.930371014,0.010873628
0.929926136,0.01092074
0.929479948,0.01096799
0.929032453,0.01101538
0.92858365,0.011062907
0.928133542,0.011110573
0.92768213,0.011158377
0.927229415,0.011206319
0.926775399,0.011254399
0.926320082,0.011302617
0.925863467,0.011350972
0.925405555,0.011399464
0.924946346,0.011448094
0.924485844,0.01149686
0.924024048,0.011545764
0.923560961,0.011594804
0.923096583,0.011643981
0.922630917,0.011693295
0.922163963,0.011742745
0.921695723,0.011792331
0.921226199,0.011842053
0.920755391,0.011891911
0.920283302,0.011941904
0.919809932,0.011992034
0.919335284,0.012042298
0.918859358,0.012102894
0.918382157,0.012163618
0.917903681,0.01222447
0.917423932,0.01228545
0.916942911,0.012346557
0.91646062,0.012407791
0.915977061,0.012469152
0.915492235,0.012530638
0.915006143,0.01259225
0.914518786,0.012653987
0.914030167,0.012715849
0.913540287,0.012777834
0.913049147,0.012839944
0.912556749,0.012902177
0.912063094,0.012964533
0.911568184,0.013027011
0.911072021,0.013089612
0.910574605,0.013152333
0.910075938,0.013215177
0.909576022,0.01327814
0.909074859,0.013341225
0.908572449,0.013404429
0.908068795,0.013467752
0.907563898,0.013531194
0.907057759,0.013594755
0.906550381,0.013658434
0.906041763,0.01372223
0.905531909,0.013786144
0.90502082,0.013850175
0.904508497,0.013914322
0.903994942,0.013978584
0.903480156,0.014042962
0.902964141,0.014107455
0.902446899,0.014172063
0.90192843,0.014236785
0.901408738,0.01430162
0.900887822,0.014366568
0.900365685,0.01443163
0.899842329,0.014496803
0.899317755,0.014562089
0.898791964,0.014627486
0.898264959,0.014692993
0.89773674,0.014758612
0.89720731,0.01482434
0.89667667,0.014890178
0.896144822,0.014956125
0.895611766,0.015022181
0.895077506,0.015088345
0.894542042,0.015154617
0.894005377,0.015220997
0.893467511,0.015287483
0.892928447,0.015354076
0.892388185,0.015420775
0.891846729,0.015487579
0.891304078,0.015554489
0.890760236,0.015621503
0.890215204,0.015688621
0.889668982,0.015755844
0.889121574,0.015823169
0.888572981,0.015890597
0.888023204,0.015958128
0.887472244,0.016025761
0.886920105,0.016093495
0.886366787,0.016161331
0.885812292,0.016229266
0.885256621,0.016297302
0.884699778,0.016365438
0.884141762,0.016433673
0.883582576,0.016502007
0.883022222,0.016570439
0.8824607,0.016638969
0.881898014,0.016707596
0.881334165,0.01677632
0.880769154,0.016845141
0.880202983,0.016914058
0.879635654,0.01698307
0.879067168,0.017052178
0.878497528,0.01712138
0.877926735,0.017190677
0.87735479,0.017260067
0.876781696,0.01732955
0.876207454,0.017399127
0.875632067,0.017468795
0.875055535,0.017538556
0.87447786,0.017608408
0.873899045,0.017678351
0.873319091,0.017748385
0.872738,0.017818508
0.872155773,0.017888722
0.871572413,0.017959024
0.87098792,0.018029416
0.870402298,0.018099895
0.869815547,0.018170462
0.86922767,0.018241117
0.868638668,0.018311858
0.868048544,0.018382686
0.867457298,0.0184536
0.866864932,0.018524599
0.866271449,0.018595683
0.865676851,0.018666852
0.865081138,0.018738105
0.864484314,0.018809442
0.863886379,0.018880861
0.863287335,0.018952364
0.862687186,0.019023948
0.862085931,0.019095615
0.861483573,0.019167363
0.860880114,0.019239191
0.860275556,0.0193111
0.8596699,0.019383089
0.859063149,0.019455158
0.858455304,0.019527305
0.857846367,0.019599531
0.85723634,0.019671835
0.856625225,0.019744216
0.856013023,0.019816675
0.855399737,0.01988921
0.854785368,0.019961822
0.854169919,0.020034509
0.853553391,0.020107272
0.852935785,0.020180109
0.852317105,0.020253021
0.851697351,0.020326007
0.851076526,0.020399066
0.850454632,0.020472198
0.84983167,0.020545402
0.849207643,0.020618679
0.848582551,0.020692027
0.847956398,0.020765446
0.847329185,0.020838935
0.846700914,0.020912495
0.846071587,0.020986125
0.845441206,0.021059823
0.844809772,0.021133591
0.844177288,0.021207426
0.843543755,0.02128133
0.842909176,0.021355301
0.842273553,0.021429338
0.841636887,0.021503442
0.84099918,0.021577612
0.840360434,0.021651848
0.839720652,0.021726148
0.839079835,0.021800513
0.838437985,0.021874942
0.837795104,0.021949435
0.837151194,0.02202399
0.836506257,0.022098609
0.835860295,0.022173289
0.835213309,0.022248031
0.834565303,0.022322835
0.833916278,0.022397699
0.833266235,0.022472623
0.832615177,0.022547608
0.831963106,0.022622651
0.831310024,0.022697753
0.830655933,0.022772914
0.830000834,0.022848133
0.82934473,0.022923409
0.828687623,0.022998742
0.828029514,0.023074132
0.827370407,0.023149578
0.826710302,0.023225079
0.826049202,0.023300635
0.825387109,0.023376246
0.824724024,0.023451911
0.824059951,0.02352763
0.82339489,0.023603402
0.822728844,0.023679227
0.822061815,0.023755104
0.821393805,0.023831032
0.820724816,0.023907012
0.82005485,0.023983043
0.819383909,0.024059124
0.818711995,0.024135255
0.81803911,0.024211436
0.817365257,0.024287665
0.816690436,0.024363943
0.816014651,0.024440269
0.815337904,0.024516642
0.814660196,0.024593062
0.813981529,0.024669529
0.813301906,0.024746042
0.812621328,0.0248226
0.811939798,0.024899204
0.811257318,0.024975852
0.81057389,0.025052545
0.809889516,0.025129281
0.809204198,0.02520606
0.808517938,0.025282882
0.807830738,0.025359746
0.8071426,0.025436652
0.806453527,0.025513599
0.80576352,0.025590588
0.805072582,0.025667616
0.804380715,0.025744684
0.80368792,0.025821792
0.8029942,0.025898939
0.802299557,0.025976124
0.801603994,0.026053347
0.800907512,0.026130607
0.800210113,0.026207904
0.799511799,0.026285238
0.798812573,0.026362608
0.798112437,0.026440014
0.797411393,0.026517454
0.796709443,0.026594929
0.796006589,0.026672438
0.795302834,0.026749981
0.794598179,0.026827557
0.793892626,0.026905166
0.793186178,0.026982806
0.792478837,0.027060479
0.791770606,0.027138182
0.791061485,0.027215917
0.790351478,0.027293681
0.789640586,0.027371476
0.788928812,0.027449299
0.788216158,0.027527152
0.787502626,0.027605032
0.786788218,0.027682941
0.786072937,0.027760877
0.785356784,0.027838839
0.784639762,0.027916829
0.783921873,0.027994843
0.783203118,0.028072884
0.782483502,0.028150949
0.781763024,0.028229039
0.781041689,0.028307152
0.780319497,0.028385289
0.779596452,0.028463449
0.778872554,0.028541632
0.778147808,0.028619836
0.777422214,0.028698062
0.776695775,0.028776309
0.775968493,0.028854577
0.77524037,0.028932865
0.774511409,0.029011172
0.773781612,0.029089498
0.773050981,0.029167843
0.772319518,0.029246206
0.771587225,0.029324586
0.770854105,0.029402984
0.77012016,0.029481398
0.769385393,0.029559828
0.768649804,0.029638274
0.767913397,0.029716735
0.767176175,0.029795211
0.766438138,0.029873701
0.76569929,0.029952204
0.764959632,0.030030721
0.764219167,0.03010925
0.763477898,0.030187792
0.762735826,0.030266345
0.761992953,0.03034491
0.761249282,0.030423485
0.760504816,0.03050207
0.759759556,0.030580666
0.759013505,0.03065927
0.758266664,0.030737883
0.757519037,0.030816505
0.756770626,0.030895134
0.756021432,0.03097377
0.755271459,0.031052413
0.754520708,0.031131062
0.753769181,0.031209718
0.753016882,0.031288378
0.752263812,0.031367043
0.751509973,0.031445713
0.750755369,0.031524386
0.75,0.031603062
0.74924387,0.031681742
0.748486981,0.031760423
0.747729334,0.031839106
0.746970933,0.031917791
0.74621178,0.031996476
0.745451877,0.032075162
0.744691226,0.032153847
0.74392983,0.032232532
0.74316769,0.032311215
0.74240481,0.032389897
0.741641192,0.032468577
0.740876837,0.032547253
0.740111749,0.032625927
0.739345929,0.032704597
0.73857938,0.032783262
0.737812105,0.032861923
0.737044105,0.032940579
0.736275382,0.033019228
0.735505941,0.033097872
0.734735781,0.033176509
0.733964907,0.033255138
0.73319332,0.03333376
0.732421023,0.033412373
0.731648018,0.033490978
0.730874307,0.033569573
0.730099892,0.033648159
0.729324777,0.033726734
0.728548964,0.033805299
0.727772454,0.033883852
0.72699525,0.033962393
0.726217355,0.034040922
0.72543877,0.034119438
0.724659499,0.03419794
0.723879544,0.034276429
0.723098907,0.034354904
0.72231759,0.034433363
0.721535595,0.034511807
0.720752926,0.034590235
0.719969585,0.034668647
0.719185573,0.034747042
0.718400894,0.034825419
0.71761555,0.034903778
0.716829542,0.034982119
0.716042874,0.035060441
0.715255548,0.035138743
0.714467567,0.035217025
0.713678932,0.035295287
0.712889646,0.035373527
0.712099711,0.035451746
0.711309131,0.035529943
0.710517907,0.035608117
0.709726041,0.035686269
0.708933537,0.035764396
0.708140396,0.035842499
0.707346621,0.035920578
0.706552215,0.035998631
0.705757179,0.036076659
0.704961517,0.03615466
0.70416523,0.036232634
0.703368322,0.036310582
0.702570793,0.036388501
0.701772648,0.036466392
0.700973888,0.036544254
0.700174516,0.036622087
0.699374534,0.03669989
0.698573945,0.036777662
0.697772751,0.036855403
0.696970955,0.036933113
0.696168558,0.037010791
0.695365564,0.037088436
0.694561975,0.037166048
0.693757793,0.037243627
0.692953021,0.037321171
0.692147661,0.037398681
0.691341716,0.037476156
0.690535188,0.037553595
0.68972808,0.037630997
0.688920393,0.037708363
0.688112132,0.037785691
0.687303297,0.037862982
0.686493891,0.037940234
0.685683918,0.038017448
0.684873379,0.038094622
0.684062276,0.038171755
0.683250613,0.038248849
0.682438392,0.038325901
0.681625615,0.038402912
0.680812285,0.038479881
0.679998404,0.038556807
0.679183975,0.038633689
0.678369,0.038710528
0.677553481,0.038787323
0.676737422,0.038864073
0.675920824,0.038940778
0.675103691,0.039017437
0.674286024,0.039094049
0.673467826,0.039170614
0.672649099,0.039247132
0.671829847,0.039323602
0.671010072,0.039400023
0.670189775,0.039476395
0.66936896,0.039552718
0.668547629,0.03962899
0.667725785,0.039705212
0.66690343,0.039781382
0.666080566,0.0398575
0.665257196,0.039933566
0.664433323,0.040009579
0.663608949,0.040085539
0.662784077,0.040161444
0.661958709,0.040237295
0.661132848,0.040313091
0.660306495,0.040388831
0.659479655,0.040464515
0.658652328,0.040540142
0.657824518,0.040615712
0.656996228,0.040691224
0.656167459,0.040766678
0.655338215,0.040842072
0.654508497,0.040917407
0.653678309,0.040992682
0.652847652,0.041067897
0.65201653,0.04114305
0.651184945,0.041218141
0.6503529,0.04129317
0.649520396,0.041368137
0.648687437,0.04144304
0.647854025,0.041517878
0.647020163,0.041592653
0.646185852,0.041667362
0.645351097,0.041742006
0.644515898,0.041816584
0.64368026,0.041891094
0.642844184,0.041965538
0.642007672,0.042039914
0.641170728,0.042114221
0.640333354,0.042188459
0.639495553,0.042262628
0.638657327,0.042336726
0.637818678,0.042410754
0.636979609,0.042484711
0.636140124,0.042558596
0.635300223,0.042632408
0.63445991,0.042706148
0.633619188,0.042779814
0.632778059,0.042853406
0.631936525,0.042926923
0.631094589,0.043000366
0.630252254,0.043073732
0.629409523,0.043147022
0.628566397,0.043220235
0.627722879,0.043293371
0.626878972,0.043366429
0.626034679,0.043439408
0.625190002,0.043512308
0.624344944,0.043585128
0.623499506,0.043657868
0.622653693,0.043730528
0.621807506,0.043803105
0.620960948,0.043875601
0.620114021,0.043948014
0.619266729,0.044020344
0.618419073,0.04409259
0.617571057,0.044164751
0.616722682,0.044236828
0.615873952,0.04430882
0.615024869,0.044380725
0.614175435,0.044452544
0.613325654,0.044524275
0.612475527,0.044595919
0.611625058,0.044667474
0.610774249,0.04473894
0.609923102,0.044810317
0.609071621,0.044881604
0.608219807,0.0449528
0.607367664,0.045023905
0.606515193,0.045094918
0.605662398,0.045165839
0.604809281,0.045236666
0.603955845,0.0453074
0.603102093,0.04537804
0.602248026,0.045448585
0.601393648,0.045519035
0.600538961,0.045589389
0.599683967,0.045659646
0.59882867,0.045729806
0.597973072,0.045799868
0.597117176,0.045869833
0.596260983,0.045939698
0.595404498,0.046009464
0.594547721,0.04607913
0.593690657,0.046148695
0.592833308,0.046218159
0.591975675,0.046287522
0.591117763,0.046356782
0.590259573,0.046425938
0.589401108,0.046494992
0.58854237,0.046563941
0.587683363,0.046632786
0.586824089,0.046701525
0.58596455,0.046770158
0.58510475,0.046838685
0.58424469,0.046907104
0.583384373,0.046975416
0.582523803,0.047043619
0.581662981,0.047111714
0.580801911,0.047179699
0.579940594,0.047247574
0.579079034,0.047315339
0.578217233,0.047382992
0.577355193,0.047450533
0.576492918,0.047517962
0.57563041,0.047585277
0.574767672,0.047652479
0.573904706,0.047719567
0.573041514,0.04778654
0.572178101,0.047853397
0.571314467,0.047920139
0.570450616,0.047986763
0.56958655,0.048053271
0.568722273,0.04811966
0.567857786,0.048185931
0.566993093,0.048252083
0.566128195,0.048318115
0.565263096,0.048384028
0.564397798,0.048449819
0.563532304,0.048515488
0.562666617,0.048581036
0.561800738,0.048646461
0.560934672,0.048711763
0.560068419,0.048776941
0.559201984,0.048841994
0.558335369,0.048906922
0.557468575,0.048971725
0.556601607,0.049036401
0.555734466,0.04910095
0.554867156,0.049165372
0.553999678,0.049229665
0.553132036,0.04929383
0.552264232,0.049357866
0.551396268,0.049421772
0.550528149,0.049485547
0.549659875,0.049549191
0.54879145,0.049612703
0.547922876,0.049676083
0.547054157,0.04973933
0.546185294,0.049802443
0.54531629,0.049865422
0.544447148,0.049928266
0.543577871,0.049990975
0.542708462,0.050053548
0.541838922,0.050115984
0.540969254,0.050178283
0.540099462,0.050240444
0.539229548,0.050302467
0.538359514,0.05036435
0.537489363,0.050426094
0.536619099,0.050487698
0.535748722,0.05054916
0.534878237,0.050610481
0.534007645,0.050671661
0.53313695,0.050732697
0.532266154,0.05079359
0.53139526,0.050854339
0.53052427,0.050914943
0.529653187,0.050975402
0.528782013,0.051035716
0.527910752,0.051095883
0.527039406,0.051155903
0.526167978,0.051215775
0.52529647,0.051275499
0.524424885,0.051335074
0.523553225,0.0513945
0.522681494,0.051453776
0.521809694,0.051512901
0.520937827,0.051571875
0.520065896,0.051630696
0.519193905,0.051689365
0.518321854,0.051747881
0.517449748,0.051806244
0.516577589,0.051864452
0.51570538,0.051922504
0.514833122,0.051980402
0.513960819,0.052038143
0.513088474,0.052095727
0.512216089,0.052153154
0.511343667,0.052210422
0.51047121,0.052267532
0.509598721,0.052324483
0.508726203,0.052381274
0.507853659,0.052437904
0.50698109,0.052494373
0.5061085,0.052550681
0.505235892,0.052606826
0.504363268,0.052662808
0.50349063,0.052718626
0.502617982,0.052774281
0.501745326,0.05282977
0.500872664,0.052885094
0.5,0.052940252
0.499127336,0.052995243
0.498254674,0.053050067
0.497382018,0.053104723
0.49650937,0.053159211
0.495636732,0.05321353
0.494764108,0.053267678
0.4938915,0.053321657
0.49301891,0.053375464
0.492146341,0.0534291
0.491273797,0.053482564
0.490401279,0.053535855
0.48952879,0.053588973
0.488656333,0.053641916
0.487783911,0.053694685
0.486911526,0.053747279
0.486039181,0.053799697
0.485166878,0.053851938
0.48429462,0.053904003
0.483422411,0.053955889
0.482550252,0.054007598
0.481678146,0.054059127
0.480806095,0.054110477
0.479934104,0.054161647
0.479062173,0.054212636
0.478190306,0.054263444
0.477318506,0.05431407
0.476446775,0.054364513
0.475575115,0.054414773
0.47470353,0.05446485
0.473832022,0.054514742
0.472960594,0.054564449
0.472089248,0.05461397
0.471217987,0.054663305
0.470346813,0.054712453
0.46947573,0.054761414
0.46860474,0.054810187
0.467733846,0.054858772
0.46686305,0.054907167
0.465992355,0.054955372
0.465121763,0.055003387
0.464251278,0.055051211
0.463380901,0.055098843
0.462510637,0.055146283
0.461640486,0.05519353
0.460770452,0.055240583
0.459900538,0.055287443
0.459030746,0.055334108
0.458161078,0.055380577
0.457291538,0.055426851
0.456422129,0.055472928
0.455552852,0.055518808
0.45468371,0.055564491
0.453814706,0.055609975
0.452945843,0.055655261
0.452077124,0.055700347
0.45120855,0.055745233
0.450340125,0.055789918
0.449471851,0.055834402
0.448603732,0.055878684
0.447735768,0.055922764
0.446867964,0.055966641
0.446000322,0.056010314
0.445132844,0.056053783
0.444265534,0.056097048
0.443398393,0.056140106
0.442531425,0.056182959
0.441664631,0.056225605
0.440798016,0.056268045
0.439931581,0.056310276
0.439065328,0.056352299
0.438199262,0.056394113
0.437333383,0.056435718
0.436467696,0.056477112
0.435602202,0.056518296
0.434736904,0.056559268
0.433871805,0.056600029
0.433006907,0.056640577
0.432142214,0.056680913
0.431277727,0.056721034
0.43041345,0.056760942
0.429549384,0.056800635
0.428685533,0.056840112
0.427821899,0.056879373
0.426958486,0.056918418
0.426095294,0.056957246
0.425232328,0.056995857
0.42436959,0.057034249
0.423507082,0.057072422
0.422644807,0.057110376
0.421782767,0.05714811
0.420920966,0.057185623
0.420059406,0.057222915
0.419198089,0.057259986
0.418337019,0.057296835
0.417476197,0.05733346
0.416615627,0.057369863
0.41575531,0.057406041
0.41489525,0.057441995
0.41403545,0.057477724
0.413175911,0.057513227
0.412316637,0.057548504
0.41145763,0.057583554
0.410598892,0.057618377
0.409740427,0.057652972
0.408882237,0.057687339
0.408024325,0.057721477
0.407166692,0.057755385
0.406309343,0.057789063
0.405452279,0.057822511
0.404595502,0.057855727
0.403739017,0.057888712
0.402882824,0.057921464
0.402026928,0.057953984
0.40117133,0.05798627
0.400316033,0.058018322
0.399461039,0.058050139
0.398606352,0.058081722
0.397751974,0.058113069
0.396897907,0.05814418
0.396044155,0.058175054
0.395190719,0.058205691
0.394337602,0.05823609
0.393484807,0.058266251
0.392632336,0.058296173
0.391780193,0.058325856
0.390928379,0.058355299
0.390076898,0.058384502
0.389225751,0.058413463
0.388374942,0.058442183
0.387524473,0.058470662
0.386674346,0.058498897
0.385824565,0.05852689
0.384975131,0.058554639
0.384126048,0.058582143
0.383277318,0.058609403
0.382428943,0.058636418
0.381580927,0.058663188
0.380733271,0.058689711
0.379885979,0.058715987
0.379039052,0.058742016
0.378192494,0.058767798
0.377346307,0.058793331
0.376500494,0.058818616
0.375655056,0.058843651
0.374809998,0.058868436
0.373965321,0.058892971
0.373121028,0.058917255
0.372277121,0.058941288
0.371433603,0.058965069
0.370590477,0.058988598
0.369747746,0.059011874
0.368905411,0.059034897
0.368063475,0.059057666
0.367221941,0.05908018
0.366380812,0.05910244
0.36554009,0.059124445
0.364699777,0.059146194
0.363859876,0.059167686
0.363020391,0.059188922
0.362181322,0.0592099
0.361342673,0.059230621
0.360504447,0.059251084
0.359666646,0.059271288
0.358829272,0.059291232
0.357992328,0.059310917
0.357155816,0.059330342
0.35631974,0.059349507
0.355484102,0.05936841
0.354648903,0.059387052
0.353814148,0.059405431
0.352979837,0.059423549
0.352145975,0.059441403
0.351312563,0.059458994
0.350479604,0.059476321
0.3496471,0.059493384
0.348815055,0.059510182
0.34798347,0.059526715
0.347152348,0.059542982
0.346321691,0.059558982
0.345491503,0.059574717
0.344661785,0.059590184
0.343832541,0.059605384
0.343003772,0.059620315
0.342175482,0.059634979
0.341347672,0.059649373
0.340520345,0.059663499
0.339693505,0.059677354
0.338867152,0.05969094
0.338041291,0.059704254
0.337215923,0.059717298
0.336391051,0.059730071
0.335566677,0.059742571
0.334742804,0.059754799
0.333919434,0.059766755
0.33309657,0.059778437
0.332274215,0.059789846
0.331452371,0.05980098
0.33063104,0.059811841
0.329810225,0.059822426
0.328989928,0.059832736
0.328170153,0.059842771
0.327350901,0.059852529
0.326532174,0.059862011
0.325713976,0.059871217
0.324896309,0.059880144
0.324079176,0.059888795
0.323262578,0.059897167
0.322446519,0.05990526
0.321631,0.059913075
0.320816025,0.05992061
0.320001596,0.059927866
0.319187715,0.059934842
0.318374385,0.059941537
0.317561608,0.059947952
0.316749387,0.059954085
0.315937724,0.059959937
0.315126621,0.059965507
0.314316082,0.059970794
0.313506109,0.059975799
0.312696703,0.059980521
0.311887868,0.059984959
0.311079607,0.059989113
0.31027192,0.059992983
0.309464812,0.059996569
0.308658284,0.05999987
0.307852339,0.060002885
0.307046979,0.060005615
0.306242207,0.060008059
0.305438025,0.060010216
0.304634436,0.060012087
0.303831442,0.060013671
0.303029045,0.060014968
0.302227249,0.060015976
0.301426055,0.060016697
0.300625466,0.060017129
0.299825484,0.060017273
0.299026112,0.060017128
0.298227352,0.060016693
0.297429207,0.060015968
0.296631678,0.060014954
0.29583477,0.060013649
0.295038483,0.060012053
0.294242821,0.060010166
0.293447785,0.060007988
0.292653379,0.060005519
0.291859604,0.060002757
0.291066463,0.059999703
0.290273959,0.059996357
0.289482093,0.059992718
0.288690869,0.059988785
0.287900289,0.059984559
0.287110354,0.05998004
0.286321068,0.059975226
0.285532433,0.059970118
0.284744452,0.059964715
0.283957126,0.059959017
0.283170458,0.059953024
0.28238445,0.059946736
0.281599106,0.059940152
0.280814427,0.059933271
0.280030415,0.059926095
0.279247074,0.059918622
0.278464405,0.059910852
0.27768241,0.059902784
0.276901093,0.05989442
0.276120456,0.059885757
0.275340501,0.059876797
0.27456123,0.059867539
0.273782645,0.059857982
0.27300475,0.059848126
0.272227546,0.059837972
0.271451036,0.059827518
0.270675223,0.059816765
0.269900108,0.059805712
0.269125693,0.059794359
0.268351982,0.059782706
0.267578977,0.059770753
0.26680668,0.059758499
0.266035093,0.059745944
0.265264219,0.059733089
0.264494059,0.059719931
0.263724618,0.059706473
0.262955895,0.059692712
0.262187895,0.05967865
0.26142062,0.059664286
0.260654071,0.059649619
0.259888251,0.059634649
0.259123163,0.059619377
0.258358808,0.059603802
0.25759519,0.059587923
0.25683231,0.059571742
0.25607017,0.059555256
0.255308774,0.059538467
0.254548123,0.059521374
0.25378822,0.059503977
0.253029067,0.059486275
0.252270666,0.059468269
0.251513019,0.059449958
0.25075613,0.059431343
0.25,0.059412422
0.249244631,0.059393196
0.248490027,0.059373665
0.247736188,0.059353828
0.246983118,0.059333686
0.246230819,0.059313237
0.245479292,0.059292483
0.244728541,0.059271422
0.243978568,0.059250056
0.243229374,0.059228382
0.242480963,0.059206403
0.241733336,0.059184116
0.240986495,0.059161523
0.240240444,0.059138622
0.239495184,0.059115415
0.238750718,0.0590919
0.238007047,0.059068077
0.237264174,0.059043947
0.236522102,0.05901951
0.235780833,0.058994765
0.235040368,0.058969712
0.23430071,0.05894435
0.233561862,0.058918681
0.232823825,0.058892704
0.232086603,0.058866418
0.231350196,0.058839823
0.230614607,0.058812921
0.22987984,0.058785709
0.229145895,0.058758189
0.228412775,0.05873036
0.227680482,0.058702222
0.226949019,0.058673775
0.226218388,0.05864502
0.225488591,0.058615955
0.22475963,0.05858658
0.224031507,0.058556897
0.223304225,0.058526904
0.222577786,0.058496601
0.221852192,0.05846599
0.221127446,0.058435068
0.220403548,0.058403837
0.219680503,0.058372296
0.218958311,0.058340446
0.218236976,0.058308286
0.217516498,0.058275816
0.216796882,0.058243036
0.216078127,0.058209946
0.215360238,0.058176546
0.214643216,0.058142836
0.213927063,0.058108816
0.213211782,0.058074487
0.212497374,0.058039847
0.211783842,0.058004897
0.211071188,0.057969636
0.210359414,0.057934066
0.209648522,0.057898186
0.208938515,0.057861995
0.208229394,0.057825494
0.207521163,0.057788683
0.206813822,0.057751562
0.206107374,0.05771413
0.205401821,0.057676389
0.204697166,0.057638337
0.203993411,0.057599975
0.203290557,0.057561302
0.202588607,0.05752232
0.201887563,0.057483028
0.201187427,0.057443425
0.200488201,0.057403512
0.199789887,0.057363289
0.199092488,0.057322756
0.198396006,0.057281913
0.197700443,0.05724076
0.1970058,0.057199298
0.19631208,0.057157525
0.195619285,0.057115442
0.194927418,0.05707305
0.19423648,0.057030347
0.193546473,0.056987335
0.1928574,0.056944013
0.192169262,0.056900382
0.191482062,0.056856441
0.190795802,0.056812191
0.190110484,0.056767631
0.18942611,0.056722762
0.188742682,0.056677583
0.188060202,0.056632096
0.187378672,0.056586299
0.186698094,0.056540193
0.186018471,0.056493778
0.185339804,0.056447054
0.184662096,0.056400021
0.183985349,0.05635268
0.183309564,0.05630503
0.182634743,0.056257071
0.18196089,0.056208804
0.181288005,0.056160229
0.180616091,0.056111345
0.17994515,0.056062154
0.179275184,0.056012654
0.178606195,0.055962846
0.177938185,0.055912731
0.177271156,0.055862308
0.17660511,0.055811577
0.175940049,0.05576054
0.175275976,0.055709194
0.174612891,0.055657542
0.173950798,0.055605582
0.173289698,0.055553316
0.172629593,0.055500743
0.171970486,0.055447863
0.171312377,0.055394677
0.17065527,0.055341185
0.169999166,0.055287386
0.169344067,0.055233282
0.168689976,0.055178871
0.168036894,0.055124155
0.167384823,0.055069133
0.166733765,0.055013806
0.166083722,0.054958174
0.165434697,0.054902237
0.164786691,0.054845995
0.164139705,0.054789448
0.163493743,0.054732596
0.162848806,0.054675441
0.162204896,0.054617981
0.161562015,0.054560217
0.160920165,0.054502149
0.160279348,0.054443778
0.159639566,0.054385104
0.15900082,0.054326126
0.158363113,0.054266845
0.157726447,0.054207262
0.157090824,0.054147376
0.156456245,0.054087187
0.155822712,0.054026697
0.155190228,0.053965904
0.154558794,0.05390481
0.153928413,0.053843414
0.153299086,0.053781717
0.152670815,0.053719719
0.152043602,0.05365742
0.151417449,0.05359482
0.150792357,0.05353192
0.15016833,0.05346872
0.149545368,0.05340522
0.148923474,0.05334142
0.148302649,0.053277321
0.147682895,0.053212923
0.147064215,0.053148226
0.146446609,0.05308323
0.145830081,0.053017935
0.145214632,0.052952343
0.144600263,0.052886452
0.143986977,0.052820264
0.143374775,0.052753778
0.14276366,0.052686996
0.142153633,0.052619916
0.141544696,0.05255254
0.140936851,0.052484867
0.1403301,0.052416899
0.139724444,0.052348635
0.139119886,0.052280075
0.138516427,0.05221122
0.137914069,0.05214207
0.137312814,0.052072625
0.136712665,0.052002886
0.136113621,0.051932853
0.135515686,0.051862527
0.134918862,0.051791906
0.134323149,0.051720993
0.133728551,0.051649787
0.133135068,0.051578288
0.132542702,0.051506497
0.131951456,0.051434414
0.131361332,0.05136204
0.13077233,0.051289374
0.130184453,0.051216417
0.129597702,0.051143169
0.12901208,0.051069631
0.128427587,0.050995804
0.127844227,0.050921686
0.127262,0.050847279
0.126680909,0.050772583
0.126100955,0.050697598
0.12552214,0.050622325
0.124944465,0.050546764
0.124367933,0.050470915
0.123792546,0.050394779
0.123218304,0.050318355
0.12264521,0.050241646
0.122073265,0.050164649
0.121502472,0.050087367
0.120932832,0.050009799
0.120364346,0.049931946
0.119797017,0.049853808
0.119230846,0.049775386
0.118665835,0.049696679
0.118101986,0.049617689
0.1175393,0.049538415
0.116977778,0.049458858
0.116417424,0.049379018
0.115858238,0.049298896
0.115300222,0.049218492
0.114743379,0.049137807
0.114187708,0.04905684
0.113633213,0.048975592
0.113079895,0.048894064
0.112527756,0.048812256
0.111976796,0.048730168
0.111427019,0.048647801
0.110878426,0.048565155
0.110331018,0.048482231
0.109784796,0.048399028
0.109239764,0.048315548
0.108695922,0.04823179
0.108153271,0.048147756
0.107611815,0.048063445
0.107071553,0.047978858
0.106532489,0.047893995
0.105994623,0.047808857
0.105457958,0.047723444
0.104922494,0.047637757
0.104388234,0.047551795
0.103855178,0.04746556
0.10332333,0.047379052
0.10279269,0.047292271
0.10226326,0.047205218
0.101735041,0.047117892
0.101208036,0.047030296
0.100682245,0.046942428
0.100157671,0.046854289
0.099634315,0.04676588
0.099112178,0.046677201
0.098591262,0.046588253
0.09807157,0.046499037
0.097553101,0.046409551
0.097035859,0.046319798
0.096519844,0.046229776
0.096005058,0.046139488
0.095491503,0.046048933
0.09497918,0.045958112
0.094468091,0.045867025
0.093958237,0.045775672
0.093449619,0.045684055
0.092942241,0.045592173
0.092436102,0.045500027
0.091931205,0.045407617
0.091427551,0.045314945
0.090925141,0.045222009
0.090423978,0.045128812
0.089924062,0.045035353
0.089425395,0.044941632
0.088927979,0.044847651
0.088431816,0.044753409
0.087936906,0.044658908
0.087443251,0.044564147
0.086950853,0.044469127
0.086459713,0.044373848
0.085969833,0.044278312
0.085481214,0.044182518
0.084993857,0.044086467
0.084507765,0.04399016
0.084022939,0.043893596
0.08353938,0.043796777
0.083057089,0.043699703
0.082576068,0.043602374
0.082096319,0.04350479
0.081617843,0.043406954
0.081140642,0.043308864
0.080664716,0.043210521
0.080190068,0.043111926
0.079716698,0.043013079
0.079244609,0.042913981
0.078773801,0.042814633
0.078304277,0.042715034
0.077836037,0.042615185
0.077369083,0.042515087
0.076903417,0.042414741
0.076439039,0.042314146
0.075975952,0.042213303
0.075514156,0.042112213
0.075053654,0.042010876
0.074594445,0.041909293
0.074136533,0.041807464
0.073679918,0.04170539
0.073224601,0.041603071
0.072770585,0.041500508
0.07231787,0.041397702
0.071866458,0.041294651
0.07141635,0.041191359
0.070967547,0.041087824
0.070520052,0.040984047
0.070073864,0.040880029
0.069628986,0.04077577
0.06918542,0.040671272
0.068743165,0.040566533
0.068302225,0.040461556
0.067862599,0.040356339
0.06742429,0.040250885
0.066987298,0.040145193
0.066551626,0.040039264
0.066117273,0.039933099
0.065684243,0.039826697
0.065252535,0.03972006
0.064822152,0.039613188
0.064393094,0.039506081
0.063965364,0.039398741
0.063538961,0.039291167
0.063113888,0.03918336
0.062690146,0.039075321
0.062267736,0.03896705
0.06184666,0.038858547
0.061426918,0.038749814
0.061008512,0.03864085
0.060591444,0.038531657
0.060175714,0.038422234
0.059761323,0.038312583
0.059348274,0.038202704
0.058936567,0.038092597
0.058526204,0.037982262
0.058117185,0.037871702
0.057709512,0.037760915
0.057303187,0.037649903
0.05689821,0.037538665
0.056494583,0.037427203
0.056092307,0.037315518
0.055691384,0.037203608
0.055291813,0.037091476
0.054893598,0.036979122
0.054496738,0.036866546
0.054101235,0.036753749
0.053707091,0.03664073
0.053314306,0.036527492
0.052922882,0.036414034
0.052532819,0.036300357
0.05214412,0.036186461
0.051756785,0.036072347
0.051370815,0.035958016
0.050986212,0.035843467
0.050602977,0.035728703
0.050221111,0.035613722
0.049840614,0.035498526
0.049461489,0.035383115
0.049083737,0.035267489
0.048707358,0.03515165
0.048332354,0.035035598
0.047958725,0.034919333
0.047586474,0.034802856
0.0472156,0.034686167
0.046846106,0.034569267
0.046477993,0.034452156
0.046111261,0.034334836
0.045745911,0.034217305
0.045381945,0.034099566
0.045019365,0.033981619
0.04465817,0.033863463
0.044298362,0.033745101
0.043939942,0.033626531
0.043582911,0.033507755
0.043227271,0.033388774
0.042873022,0.033269587
0.042520166,0.033150195
0.042168703,0.033030599
0.041818635,0.0329108
0.041469963,0.032790798
0.041122687,0.032670593
0.040776809,0.032550186
0.04043233,0.032429577
0.040089251,0.032308768
0.039747573,0.032187758
0.039407297,0.032066548
0.039068424,0.031945139
0.038730955,0.031823531
0.038394891,0.031701724
0.038060234,0.03157972
0.037726983,0.031457519
0.037395141,0.031335121
0.037064708,0.031212527
0.036735685,0.031089737
0.036408073,0.030966752
0.036081873,0.030843572
0.035757087,0.030720199
0.035433714,0.030596631
0.035111757,0.030472871
0.034791216,0.030348918
0.034472092,0.030224773
0.034154386,0.030100437
0.033838099,0.02997591
0.033523233,0.029851192
0.033209787,0.029726285
0.032897763,0.029601188
0.032587162,0.029475902
0.032277985,0.029350428
0.031970232,0.029224766
0.031663905,0.029098917
0.031359005,0.028972881
0.031055533,0.028846659
0.030753489,0.028720251
0.030452874,0.028593658
0.03015369,0.02846688
0.029855936,0.028339917
0.029559616,0.028212772
0.029264728,0.028085443
0.028971274,0.027957931
0.028679254,0.027830237
0.028388671,0.027702361
0.028099524,0.027574305
0.027811815,0.027446068
0.027525544,0.02731765
0.027240712,0.027189053
0.026957321,0.027060277
0.02667537,0.026931322
0.026394861,0.026802189
0.026115795,0.026672879
0.025838172,0.026543391
0.025561994,0.026413727
0.025287261,0.026283886
0.025013974,0.02615387
0.024742134,0.026023679
0.024471742,0.025893313
0.024202798,0.025762773
0.023935304,0.02563206
0.023669259,0.025501173
0.023404666,0.025370113
0.023141525,0.025238882
0.022879836,0.025107479
0.0226196,0.024975904
0.022360819,0.024844159
0.022103493,0.024712243
0.021847622,0.024580158
0.021593208,0.024447904
0.021340251,0.02431548
0.021088753,0.024182889
0.020838713,0.024050129
0.020590133,0.023917203
0.020343013,0.023784109
0.020097354,0.023650849
0.019853157,0.023517423
0.019610423,0.023383831
0.019369152,0.023250075
0.019129345,0.023116154
0.018891003,0.022982069
0.018654127,0.02284782
0.018418717,0.022713408
0.018184773,0.022578833
0.017952298,0.022444097
0.017721291,0.022309198
0.017491753,0.022174138
0.017263685,0.022038918
0.017037087,0.021903537
0.01681196,0.021767996
0.016588306,0.021632295
0.016366124,0.021496436
0.016145415,0.021360418
0.01592618,0.021224242
0.015708419,0.021087908
0.015492134,0.020951417
0.015277325,0.020814769
0.015063992,0.020677965
0.014852137,0.020541004
0.014641759,0.020403889
0.01443286,0.020266618
0.01422544,0.020129193
0.0140195,0.019991613
0.01381504,0.01985388
0.013612061,0.019715993
0.013410564,0.019577954
0.013210549,0.019439761
0.013012016,0.019301417
0.012814968,0.019162922
0.012619403,0.019024275
0.012425323,0.018885477
0.012232728,0.018746529
0.012041619,0.018607431
0.011851996,0.018468183
0.011663861,0.018328787
0.011477213,0.018189241
0.011292053,0.018049547
0.011108382,0.017909706
0.0109262,0.017769717
0.010745507,0.01762958
0.010566306,0.017489297
0.010388595,0.017348868
0.010212375,0.017208293
0.010037648,0.017067572
0.009864413,0.016926706
0.009692671,0.016785695
0.009522422,0.01664454
0.009353668,0.016503241
0.009186408,0.016361799
0.009020644,0.016220213
0.008856375,0.016078484
0.008693602,0.015936613
0.008532325,0.0157946
0.008372546,0.015652445
0.008214265,0.015510149
0.008057481,0.015367712
0.007902196,0.015225135
0.00774841,0.015082417
0.007596123,0.014939559
0.007445337,0.014796562
0.007296051,0.014653425
0.007148265,0.01451015
0.007001981,0.014366737
0.006857199,0.014223185
0.006713919,0.014079496
0.006572142,0.013935669
0.006431867,0.013791705
0.006293097,0.013647605
0.00615583,0.013503368
0.006020067,0.013358995
0.005885809,0.013214487
0.005753057,0.013069843
0.005621809,0.012925065
0.005492068,0.012780151
0.005363834,0.012635103
0.005237105,0.012489922
0.005111885,0.012344606
0.004988171,0.012199158
0.004865966,0.012053576
0.004745268,0.011907861
0.00462608,0.011762014
0.0045084,0.011616035
0.00439223,0.011469925
0.004277569,0.011323682
0.004164419,0.011177309
0.004052779,0.011030805
0.003942649,0.01088417
0.003834031,0.010737405
0.003726924,0.01059051
0.003621329,0.010443485
0.003517246,0.010296331
0.003414675,0.010149048
0.003313617,0.010001636
0.003214072,0.009854096
0.00311604,0.009706427
0.003019522,0.00955863
0.002924518,0.009410706
0.002831028,0.009262654
0.002739052,0.009114476
0.002648591,0.00896617
0.002559646,0.008817738
0.002472215,0.008669179
0.0023863,0.008520495
0.002301901,0.008371684
0.002219018,0.008222748
0.002137651,0.008073687
0.002057801,0.007924501
0.001979467,0.00777519
0.001902651,0.007625755
0.001827352,0.007476195
0.00175357,0.007326511
0.001681307,0.007176704
0.001610561,0.007026773
0.001541333,0.006876718
0.001473624,0.006726541
0.001407433,0.00657624
0.001342761,0.006425818
0.001279609,0.006275272
0.001217975,0.006124605
0.001157861,0.005973815
0.001099266,0.005822904
0.001042191,0.005671872
0.000986636,0.005520718
0.000932601,0.005369443
0.000880086,0.005218047
0.000829092,0.00506653
0.000779618,0.004914893
0.000731665,0.004763136
0.000685233,0.004611259
0.000640321,0.004459262
0.000596931,0.004307145
0.000555063,0.004154909
0.000514715,0.004002553
0.000475889,0.003850079
0.000438585,0.003697485
0.000402802,0.003544773
0.000368542,0.003391942
0.000335803,0.003238993
0.000304586,0.003085925
0.000274892,0.00293274
0.00024672,0.002779437
0.00022007,0.002626016
0.000194942,0.002472477
0.000171338,0.002318821
0.000149255,0.002165048
0.000128695,0.002011158
0.000109658,0.001857151
9.21E-05,0.001703027
7.62E-05,0.001548787
6.17E-05,0.00139443
4.87E-05,0.001239957
3.73E-05,0.001085367
2.74E-05,0.000930662
1.90E-05,0.000775841
1.22E-05,0.000620903
6.85E-06,0.000465851
3.05E-06,0.000310683
7.62E-07,0.000155399
0,0
7.62E-07,-0.000155399
3.05E-06,-0.000310683
6.85E-06,-0.000465851
1.22E-05,-0.000620903
1.90E-05,-0.000775841
2.74E-05,-0.000930662
3.73E-05,-0.001085367
4.87E-05,-0.001239957
6.17E-05,-0.00139443
7.62E-05,-0.001548787
9.21E-05,-0.001703027
0.000109658,-0.001857151
0.000128695,-0.002011158
0.000149255,-0.002165048
0.000171338,-0.002318821
0.000194942,-0.002472477
0.00022007,-0.002626016
0.00024672,-0.002779437
0.000274892,-0.00293274
0.000304586,-0.003085925
0.000335803,-0.003238993
0.000368542,-0.003391942
0.000402802,-0.003544773
0.000438585,-0.003697485
0.000475889,-0.003850079
0.000514715,-0.004002553
0.000555063,-0.004154909
0.000596931,-0.004307145
0.000640321,-0.004459262
0.000685233,-0.004611259
0.000731665,-0.004763136
0.000779618,-0.004914893
0.000829092,-0.00506653
0.000880086,-0.005218047
0.000932601,-0.005369443
0.000986636,-0.005520718
0.001042191,-0.005671872
0.001099266,-0.005822904
0.001157861,-0.005973815
0.001217975,-0.006124605
0.001279609,-0.006275272
0.001342761,-0.006425818
0.001407433,-0.00657624
0.001473624,-0.006726541
0.001541333,-0.006876718
0.001610561,-0.007026773
0.001681307,-0.007176704
0.00175357,-0.007326511
0.001827352,-0.007476195
0.001902651,-0.007625755
0.001979467,-0.00777519
0.002057801,-0.007924501
0.002137651,-0.008073687
0.002219018,-0.008222748
0.002301901,-0.008371684
0.0023863,-0.008520495
0.002472215,-0.008669179
0.002559646,-0.008817738
0.002648591,-0.00896617
0.002739052,-0.009114476
0.002831028,-0.009262654
0.002924518,-0.009410706
0.003019522,-0.00955863
0.00311604,-0.009706427
0.003214072,-0.009854096
0.003313617,-0.010001636
0.003414675,-0.010149048
0.003517246,-0.010296331
0.003621329,-0.010443485
0.003726924,-0.01059051
0.003834031,-0.010737405
0.003942649,-0.01088417
0.004052779,-0.011030805
0.004164419,-0.011177309
0.004277569,-0.011323682
0.00439223,-0.011469925
0.0045084,-0.011616035
0.00462608,-0.011762014
0.004745268,-0.011907861
0.004865966,-0.012053576
0.004988171,-0.012199158
0.005111885,-0.012344606
0.005237105,-0.012489922
0.005363834,-0.012635103
0.005492068,-0.012780151
0.005621809,-0.012925065
0.005753057,-0.013069843
0.005885809,-0.013214487
0.006020067,-0.013358995
0.00615583,-0.013503368
0.006293097,-0.013647605
0.006431867,-0.013791705
0.006572142,-0.013935669
0.006713919,-0.014079496
0.006857199,-0.014223185
0.007001981,-0.014366737
0.007148265,-0.01451015
0.007296051,-0.014653425
0.007445337,-0.014796562
0.007596123,-0.014939559
0.00774841,-0.015082417
0.007902196,-0.015225135
0.008057481,-0.015367712
0.008214265,-0.015510149
0.008372546,-0.015652445
0.008532325,-0.0157946
0.008693602,-0.015936613
0.008856375,-0.016078484
0.009020644,-0.016220213
0.009186408,-0.016361799
0.009353668,-0.016503241
0.009522422,-0.01664454
0.009692671,-0.016785695
0.009864413,-0.016926706
0.010037648,-0.017067572
0.010212375,-0.017208293
0.010388595,-0.017348868
0.010566306,-0.017489297
0.010745507,-0.01762958
0.0109262,-0.017769717
0.011108382,-0.017909706
0.011292053,-0.018049547
0.011477213,-0.018189241
0.011663861,-0.018328787
0.011851996,-0.018468183
0.012041619,-0.018607431
0.012232728,-0.018746529
0.012425323,-0.018885477
0.012619403,-0.019024275
0.012814968,-0.019162922
0.013012016,-0.019301417
0.013210549,-0.019439761
0.013410564,-0.019577954
0.013612061,-0.019715993
0.01381504,-0.01985388
0.0140195,-0.019991613
0.01422544,-0.020129193
0.01443286,-0.020266618
0.014641759,-0.020403889
0.014852137,-0.020541004
0.015063992,-0.020677965
0.015277325,-0.020814769
0.015492134,-0.020951417
0.015708419,-0.021087908
0.01592618,-0.021224242
0.016145415,-0.021360418
0.016366124,-0.021496436
0.016588306,-0.021632295
0.01681196,-0.021767996
0.017037087,-0.021903537
0.017263685,-0.022038918
0.017491753,-0.022174138
0.017721291,-0.022309198
0.017952298,-0.022444097
0.018184773,-0.022578833
0.018418717,-0.022713408
0.018654127,-0.02284782
0.018891003,-0.022982069
0.019129345,-0.023116154
0.019369152,-0.023250075
0.019610423,-0.023383831
0.019853157,-0.023517423
0.020097354,-0.023650849
0.020343013,-0.023784109
0.020590133,-0.023917203
0.020838713,-0.024050129
0.021088753,-0.024182889
0.021340251,-0.02431548
0.021593208,-0.024447904
0.021847622,-0.024580158
0.022103493,-0.024712243
0.022360819,-0.024844159
0.0226196,-0.024975904
0.022879836,-0.025107479
0.023141525,-0.025238882
0.023404666,-0.025370113
0.023669259,-0.025501173
0.023935304,-0.02563206
0.024202798,-0.025762773
0.024471742,-0.025893313
0.024742134,-0.026023679
0.025013974,-0.02615387
0.025287261,-0.026283886
0.025561994,-0.026413727
0.025838172,-0.026543391
0.026115795,-0.026672879
0.026394861,-0.026802189
0.02667537,-0.026931322
0.026957321,-0.027060277
0.027240712,-0.027189053
0.027525544,-0.02731765
0.027811815,-0.027446068
0.028099524,-0.027574305
0.028388671,-0.027702361
0.028679254,-0.027830237
0.028971274,-0.027957931
0.029264728,-0.028085443
0.029559616,-0.028212772
0.029855936,-0.028339917
0.03015369,-0.02846688
0.030452874,-0.028593658
0.030753489,-0.028720251
0.031055533,-0.028846659
0.031359005,-0.028972881
0.031663905,-0.029098917
0.031970232,-0.029224766
0.032277985,-0.029350428
0.032587162,-0.029475902
0.032897763,-0.029601188
0.033209787,-0.029726285
0.033523233,-0.029851192
0.033838099,-0.02997591
0.034154386,-0.030100437
0.034472092,-0.030224773
0.034791216,-0.030348918
0.035111757,-0.030472871
0.035433714,-0.030596631
0.035757087,-0.030720199
0.036081873,-0.030843572
0.036408073,-0.030966752
0.036735685,-0.031089737
0.037064708,-0.031212527
0.037395141,-0.031335121
0.037726983,-0.031457519
0.038060234,-0.03157972
0.038394891,-0.031701724
0.038730955,-0.031823531
0.039068424,-0.031945139
0.039407297,-0.032066548
0.039747573,-0.032187758
0.040089251,-0.032308768
0.04043233,-0.032429577
0.040776809,-0.032550186
0.041122687,-0.032670593
0.041469963,-0.032790798
0.041818635,-0.0329108
0.042168703,-0.033030599
0.042520166,-0.033150195
0.042873022,-0.033269587
0.043227271,-0.033388774
0.043582911,-0.033507755
0.043939942,-0.033626531
0.044298362,-0.033745101
0.04465817,-0.033863463
0.045019365,-0.033981619
0.045381945,-0.034099566
0.045745911,-0.034217305
0.046111261,-0.034334836
0.046477993,-0.034452156
0.046846106,-0.034569267
0.0472156,-0.034686167
0.047586474,-0.034802856
0.047958725,-0.034919333
0.048332354,-0.035035598
0.048707358,-0.03515165
0.049083737,-0.035267489
0.049461489,-0.035383115
0.049840614,-0.035498526
0.050221111,-0.035613722
0.050602977,-0.035728703
0.050986212,-0.035843467
0.051370815,-0.035958016
0.051756785,-0.036072347
0.05214412,-0.036186461
0.052532819,-0.036300357
0.052922882,-0.036414034
0.053314306,-0.036527492
0.053707091,-0.03664073
0.054101235,-0.036753749
0.054496738,-0.036866546
0.054893598,-0.036979122
0.055291813,-0.037091476
0.055691384,-0.037203608
0.056092307,-0.037315518
0.056494583,-0.037427203
0.05689821,-0.037538665
0.057303187,-0.037649903
0.057709512,-0.037760915
0.058117185,-0.037871702
0.058526204,-0.037982262
0.058936567,-0.038092597
0.059348274,-0.038202704
0.059761323,-0.038312583
0.060175714,-0.038422234
0.060591444,-0.038531657
0.061008512,-0.03864085
0.061426918,-0.038749814
0.06184666,-0.038858547
0.062267736,-0.03896705
0.062690146,-0.039075321
0.063113888,-0.03918336
0.063538961,-0.039291167
0.063965364,-0.039398741
0.064393094,-0.039506081
0.064822152,-0.039613188
0.065252535,-0.03972006
0.065684243,-0.039826697
0.066117273,-0.039933099
0.066551626,-0.040039264
0.066987298,-0.040145193
0.06742429,-0.040250885
0.067862599,-0.040356339
0.068302225,-0.040461556
0.068743165,-0.040566533
0.06918542,-0.040671272
0.069628986,-0.04077577
0.070073864,-0.040880029
0.070520052,-0.040984047
0.070967547,-0.041087824
0.07141635,-0.041191359
0.071866458,-0.041294651
0.07231787,-0.041397702
0.072770585,-0.041500508
0.073224601,-0.041603071
0.073679918,-0.04170539
0.074136533,-0.041807464
0.074594445,-0.041909293
0.075053654,-0.042010876
0.075514156,-0.042112213
0.075975952,-0.042213303
0.076439039,-0.042314146
0.076903417,-0.042414741
0.077369083,-0.042515087
0.077836037,-0.042615185
0.078304277,-0.042715034
0.078773801,-0.042814633
0.079244609,-0.042913981
0.079716698,-0.043013079
0.080190068,-0.043111926
0.080664716,-0.043210521
0.081140642,-0.043308864
0.081617843,-0.043406954
0.082096319,-0.04350479
0.082576068,-0.043602374
0.083057089,-0.043699703
0.08353938,-0.043796777
0.084022939,-0.043893596
0.084507765,-0.04399016
0.084993857,-0.044086467
0.085481214,-0.044182518
0.085969833,-0.044278312
0.086459713,-0.044373848
0.086950853,-0.044469127
0.087443251,-0.044564147
0.087936906,-0.044658908
0.088431816,-0.044753409
0.088927979,-0.044847651
0.089425395,-0.044941632
0.089924062,-0.045035353
0.090423978,-0.045128812
0.090925141,-0.045222009
0.091427551,-0.045314945
0.091931205,-0.045407617
0.092436102,-0.045500027
0.092942241,-0.045592173
0.093449619,-0.045684055
0.093958237,-0.045775672
0.094468091,-0.045867025
0.09497918,-0.045958112
0.095491503,-0.046048933
0.096005058,-0.046139488
0.096519844,-0.046229776
0.097035859,-0.046319798
0.097553101,-0.046409551
0.09807157,-0.046499037
0.098591262,-0.046588253
0.099112178,-0.046677201
0.099634315,-0.04676588
0.100157671,-0.046854289
0.100682245,-0.046942428
0.101208036,-0.047030296
0.101735041,-0.047117892
0.10226326,-0.047205218
0.10279269,-0.047292271
0.10332333,-0.047379052
0.103855178,-0.04746556
0.104388234,-0.047551795
0.104922494,-0.047637757
0.105457958,-0.047723444
0.105994623,-0.047808857
0.106532489,-0.047893995
0.107071553,-0.047978858
0.107611815,-0.048063445
0.108153271,-0.048147756
0.108695922,-0.04823179
0.109239764,-0.048315548
0.109784796,-0.048399028
0.110331018,-0.048482231
0.110878426,-0.048565155
0.111427019,-0.048647801
0.111976796,-0.048730168
0.112527756,-0.048812256
0.113079895,-0.048894064
0.113633213,-0.048975592
0.114187708,-0.04905684
0.114743379,-0.049137807
0.115300222,-0.049218492
0.115858238,-0.049298896
0.116417424,-0.049379018
0.116977778,-0.049458858
0.1175393,-0.049538415
0.118101986,-0.049617689
0.118665835,-0.049696679
0.119230846,-0.049775386
0.119797017,-0.049853808
0.120364346,-0.049931946
0.120932832,-0.050009799
0.121502472,-0.050087367
0.122073265,-0.050164649
0.12264521,-0.050241646
0.123218304,-0.050318355
0.123792546,-0.050394779
0.124367933,-0.050470915
0.124944465,-0.050546764
0.12552214,-0.050622325
0.126100955,-0.050697598
0.126680909,-0.050772583
0.127262,-0.050847279
0.127844227,-0.050921686
0.128427587,-0.050995804
0.12901208,-0.051069631
0.129597702,-0.051143169
0.130184453,-0.051216417
0.13077233,-0.051289374
0.131361332,-0.05136204
0.131951456,-0.051434414
0.132542702,-0.051506497
0.133135068,-0.051578288
0.133728551,-0.051649787
0.134323149,-0.051720993
0.134918862,-0.051791906
0.135515686,-0.051862527
0.136113621,-0.051932853
0.136712665,-0.052002886
0.137312814,-0.052072625
0.137914069,-0.05214207
0.138516427,-0.05221122
0.139119886,-0.052280075
0.139724444,-0.052348635
0.1403301,-0.052416899
0.140936851,-0.052484867
0.141544696,-0.05255254
0.142153633,-0.052619916
0.14276366,-0.052686996
0.143374775,-0.052753778
0.143986977,-0.052820264
0.144600263,-0.052886452
0.145214632,-0.052952343
0.145830081,-0.053017935
0.146446609,-0.05308323
0.147064215,-0.053148226
0.147682895,-0.053212923
0.148302649,-0.053277321
0.148923474,-0.05334142
0.149545368,-0.05340522
0.15016833,-0.05346872
0.150792357,-0.05353192
0.151417449,-0.05359482
0.152043602,-0.05365742
0.152670815,-0.053719719
0.153299086,-0.053781717
0.153928413,-0.053843414
0.154558794,-0.05390481
0.155190228,-0.053965904
0.155822712,-0.054026697
0.156456245,-0.054087187
0.157090824,-0.054147376
0.157726447,-0.054207262
0.158363113,-0.054266845
0.15900082,-0.054326126
0.159639566,-0.054385104
0.160279348,-0.054443778
0.160920165,-0.054502149
0.161562015,-0.054560217
0.162204896,-0.054617981
0.162848806,-0.054675441
0.163493743,-0.054732596
0.164139705,-0.054789448
0.164786691,-0.054845995
0.165434697,-0.054902237
0.166083722,-0.054958174
0.166733765,-0.055013806
0.167384823,-0.055069133
0.168036894,-0.055124155
0.168689976,-0.055178871
0.169344067,-0.055233282
0.169999166,-0.055287386
0.17065527,-0.055341185
0.171312377,-0.055394677
0.171970486,-0.055447863
0.172629593,-0.055500743
0.173289698,-0.055553316
0.173950798,-0.055605582
0.174612891,-0.055657542
0.175275976,-0.055709194
0.175940049,-0.05576054
0.17660511,-0.055811577
0.177271156,-0.055862308
0.177938185,-0.055912731
0.178606195,-0.055962846
0.179275184,-0.056012654
0.17994515,-0.056062154
0.180616091,-0.056111345
0.181288005,-0.056160229
0.18196089,-0.056208804
0.182634743,-0.056257071
0.183309564,-0.05630503
0.183985349,-0.05635268
0.184662096,-0.056400021
0.185339804,-0.056447054
0.186018471,-0.056493778
0.186698094,-0.056540193
0.187378672,-0.056586299
0.188060202,-0.056632096
0.188742682,-0.056677583
0.18942611,-0.056722762
0.190110484,-0.056767631
0.190795802,-0.056812191
0.191482062,-0.056856441
0.192169262,-0.056900382
0.1928574,-0.056944013
0.193546473,-0.056987335
0.19423648,-0.057030347
0.194927418,-0.05707305
0.195619285,-0.057115442
0.19631208,-0.057157525
0.1970058,-0.057199298
0.197700443,-0.05724076
0.198396006,-0.057281913
0.199092488,-0.057322756
0.199789887,-0.057363289
0.200488201,-0.057403512
0.201187427,-0.057443425
0.201887563,-0.057483028
0.202588607,-0.05752232
0.203290557,-0.057561302
0.203993411,-0.057599975
0.204697166,-0.057638337
0.205401821,-0.057676389
0.206107374,-0.05771413
0.206813822,-0.057751562
0.207521163,-0.057788683
0.208229394,-0.057825494
0.208938515,-0.057861995
0.209648522,-0.057898186
0.210359414,-0.057934066
0.211071188,-0.057969636
0.211783842,-0.058004897
0.212497374,-0.058039847
0.213211782,-0.058074487
0.213927063,-0.058108816
0.214643216,-0.058142836
0.215360238,-0.058176546
0.216078127,-0.058209946
0.216796882,-0.058243036
0.217516498,-0.058275816
0.218236976,-0.058308286
0.218958311,-0.058340446
0.219680503,-0.058372296
0.220403548,-0.058403837
0.221127446,-0.058435068
0.221852192,-0.05846599
0.222577786,-0.058496601
0.223304225,-0.058526904
0.224031507,-0.058556897
0.22475963,-0.05858658
0.225488591,-0.058615955
0.226218388,-0.05864502
0.226949019,-0.058673775
0.227680482,-0.058702222
0.228412775,-0.05873036
0.229145895,-0.058758189
0.22987984,-0.058785709
0.230614607,-0.058812921
0.231350196,-0.058839823
0.232086603,-0.058866418
0.232823825,-0.058892704
0.233561862,-0.058918681
0.23430071,-0.05894435
0.235040368,-0.058969712
0.235780833,-0.058994765
0.236522102,-0.05901951
0.237264174,-0.059043947
0.238007047,-0.059068077
0.238750718,-0.0590919
0.239495184,-0.059115415
0.240240444,-0.059138622
0.240986495,-0.059161523
0.241733336,-0.059184116
0.242480963,-0.059206403
0.243229374,-0.059228382
0.243978568,-0.059250056
0.244728541,-0.059271422
0.245479292,-0.059292483
0.246230819,-0.059313237
0.246983118,-0.059333686
0.247736188,-0.059353828
0.248490027,-0.059373665
0.249244631,-0.059393196
0.25,-0.059412422
0.25075613,-0.059431343
0.251513019,-0.059449958
0.252270666,-0.059468269
0.253029067,-0.059486275
0.25378822,-0.059503977
0.254548123,-0.059521374
0.255308774,-0.059538467
0.25607017,-0.059555256
0.25683231,-0.059571742
0.25759519,-0.059587923
0.258358808,-0.059603802
0.259123163,-0.059619377
0.259888251,-0.059634649
0.260654071,-0.059649619
0.26142062,-0.059664286
0.262187895,-0.05967865
0.262955895,-0.059692712
0.263724618,-0.059706473
0.264494059,-0.059719931
0.265264219,-0.059733089
0.266035093,-0.059745944
0.26680668,-0.059758499
0.267578977,-0.059770753
0.268351982,-0.059782706
0.269125693,-0.059794359
0.269900108,-0.059805712
0.270675223,-0.059816765
0.271451036,-0.059827518
0.272227546,-0.059837972
0.27300475,-0.059848126
0.273782645,-0.059857982
0.27456123,-0.059867539
0.275340501,-0.059876797
0.276120456,-0.059885757
0.276901093,-0.05989442
0.27768241,-0.059902784
0.278464405,-0.059910852
0.279247074,-0.059918622
0.280030415,-0.059926095
0.280814427,-0.059933271
0.281599106,-0.059940152
0.28238445,-0.059946736
0.283170458,-0.059953024
0.283957126,-0.059959017
0.284744452,-0.059964715
0.285532433,-0.059970118
0.286321068,-0.059975226
0.287110354,-0.05998004
0.287900289,-0.059984559
0.288690869,-0.059988785
0.289482093,-0.059992718
0.290273959,-0.059996357
0.291066463,-0.059999703
0.291859604,-0.060002757
0.292653379,-0.060005519
0.293447785,-0.060007988
0.294242821,-0.060010166
0.295038483,-0.060012053
0.29583477,-0.060013649
0.296631678,-0.060014954
0.297429207,-0.060015968
0.298227352,-0.060016693
0.299026112,-0.060017128
0.299825484,-0.060017273
0.300625466,-0.060017129
0.301426055,-0.060016697
0.302227249,-0.060015976
0.303029045,-0.060014968
0.303831442,-0.060013671
0.304634436,-0.060012087
0.305438025,-0.060010216
0.306242207,-0.060008059
0.307046979,-0.060005615
0.307852339,-0.060002885
0.308658284,-0.05999987
0.309464812,-0.059996569
0.31027192,-0.059992983
0.311079607,-0.059989113
0.311887868,-0.059984959
0.312696703,-0.059980521
0.313506109,-0.059975799
0.314316082,-0.059970794
0.315126621,-0.059965507
0.315937724,-0.059959937
0.316749387,-0.059954085
0.317561608,-0.059947952
0.318374385,-0.059941537
0.319187715,-0.059934842
0.320001596,-0.059927866
0.320816025,-0.05992061
0.321631,-0.059913075
0.322446519,-0.05990526
0.323262578,-0.059897167
0.324079176,-0.059888795
0.324896309,-0.059880144
0.325713976,-0.059871217
0.326532174,-0.059862011
0.327350901,-0.059852529
0.328170153,-0.059842771
0.328989928,-0.059832736
0.329810225,-0.059822426
0.33063104,-0.059811841
0.331452371,-0.05980098
0.332274215,-0.059789846
0.33309657,-0.059778437
0.333919434,-0.059766755
0.334742804,-0.059754799
0.335566677,-0.059742571
0.336391051,-0.059730071
0.337215923,-0.059717298
0.338041291,-0.059704254
0.338867152,-0.05969094
0.339693505,-0.059677354
0.340520345,-0.059663499
0.341347672,-0.059649373
0.342175482,-0.059634979
0.343003772,-0.059620315
0.343832541,-0.059605384
0.344661785,-0.059590184
0.345491503,-0.059574717
0.346321691,-0.059558982
0.347152348,-0.059542982
0.34798347,-0.059526715
0.348815055,-0.059510182
0.3496471,-0.059493384
0.350479604,-0.059476321
0.351312563,-0.059458994
0.352145975,-0.059441403
0.352979837,-0.059423549
0.353814148,-0.059405431
0.354648903,-0.059387052
0.355484102,-0.05936841
0.35631974,-0.059349507
0.357155816,-0.059330342
0.357992328,-0.059310917
0.358829272,-0.059291232
0.359666646,-0.059271288
0.360504447,-0.059251084
0.361342673,-0.059230621
0.362181322,-0.0592099
0.363020391,-0.059188922
0.363859876,-0.059167686
0.364699777,-0.059146194
0.36554009,-0.059124445
0.366380812,-0.05910244
0.367221941,-0.05908018
0.368063475,-0.059057666
0.368905411,-0.059034897
0.369747746,-0.059011874
0.370590477,-0.058988598
0.371433603,-0.058965069
0.372277121,-0.058941288
0.373121028,-0.058917255
0.373965321,-0.058892971
0.374809998,-0.058868436
0.375655056,-0.058843651
0.376500494,-0.058818616
0.377346307,-0.058793331
0.378192494,-0.058767798
0.379039052,-0.058742016
0.379885979,-0.058715987
0.380733271,-0.058689711
0.381580927,-0.058663188
0.382428943,-0.058636418
0.383277318,-0.058609403
0.384126048,-0.058582143
0.384975131,-0.058554639
0.385824565,-0.05852689
0.386674346,-0.058498897
0.387524473,-0.058470662
0.388374942,-0.058442183
0.389225751,-0.058413463
0.390076898,-0.058384502
0.390928379,-0.058355299
0.391780193,-0.058325856
0.392632336,-0.058296173
0.393484807,-0.058266251
0.394337602,-0.05823609
0.395190719,-0.058205691
0.396044155,-0.058175054
0.396897907,-0.05814418
0.397751974,-0.058113069
0.398606352,-0.058081722
0.399461039,-0.058050139
0.400316033,-0.058018322
0.40117133,-0.05798627
0.402026928,-0.057953984
0.402882824,-0.057921464
0.403739017,-0.057888712
0.404595502,-0.057855727
0.405452279,-0.057822511
0.406309343,-0.057789063
0.407166692,-0.057755385
0.408024325,-0.057721477
0.408882237,-0.057687339
0.409740427,-0.057652972
0.410598892,-0.057618377
0.41145763,-0.057583554
0.412316637,-0.057548504
0.413175911,-0.057513227
0.41403545,-0.057477724
0.41489525,-0.057441995
0.41575531,-0.057406041
0.416615627,-0.057369863
0.417476197,-0.05733346
0.418337019,-0.057296835
0.419198089,-0.057259986
0.420059406,-0.057222915
0.420920966,-0.057185623
0.421782767,-0.05714811
0.422644807,-0.057110376
0.423507082,-0.057072422
0.42436959,-0.057034249
0.425232328,-0.056995857
0.426095294,-0.056957246
0.426958486,-0.056918418
0.427821899,-0.056879373
0.428685533,-0.056840112
0.429549384,-0.056800635
0.43041345,-0.056760942
0.431277727,-0.056721034
0.432142214,-0.056680913
0.433006907,-0.056640577
0.433871805,-0.056600029
0.434736904,-0.056559268
0.435602202,-0.056518296
0.436467696,-0.056477112
0.437333383,-0.056435718
0.438199262,-0.056394113
0.439065328,-0.056352299
0.439931581,-0.056310276
0.440798016,-0.056268045
0.441664631,-0.056225605
0.442531425,-0.056182959
0.443398393,-0.056140106
0.444265534,-0.056097048
0.445132844,-0.056053783
0.446000322,-0.056010314
0.446867964,-0.055966641
0.447735768,-0.055922764
0.448603732,-0.055878684
0.449471851,-0.055834402
0.450340125,-0.055789918
0.45120855,-0.055745233
0.452077124,-0.055700347
0.452945843,-0.055655261
0.453814706,-0.055609975
0.45468371,-0.055564491
0.455552852,-0.055518808
0.456422129,-0.055472928
0.457291538,-0.055426851
0.458161078,-0.055380577
0.459030746,-0.055334108
0.459900538,-0.055287443
0.460770452,-0.055240583
0.461640486,-0.05519353
0.462510637,-0.055146283
0.463380901,-0.055098843
0.464251278,-0.055051211
0.465121763,-0.055003387
0.465992355,-0.054955372
0.46686305,-0.054907167
0.467733846,-0.054858772
0.46860474,-0.054810187
0.46947573,-0.054761414
0.470346813,-0.054712453
0.471217987,-0.054663305
0.472089248,-0.05461397
0.472960594,-0.054564449
0.473832022,-0.054514742
0.47470353,-0.05446485
0.475575115,-0.054414773
0.476446775,-0.054364513
0.477318506,-0.05431407
0.478190306,-0.054263444
0.479062173,-0.054212636
0.479934104,-0.054161647
0.480806095,-0.054110477
0.481678146,-0.054059127
0.482550252,-0.054007598
0.483422411,-0.053955889
0.48429462,-0.053904003
0.485166878,-0.053851938
0.486039181,-0.053799697
0.486911526,-0.053747279
0.487783911,-0.053694685
0.488656333,-0.053641916
0.48952879,-0.053588973
0.490401279,-0.053535855
0.491273797,-0.053482564
0.492146341,-0.0534291
0.49301891,-0.053375464
0.4938915,-0.053321657
0.494764108,-0.053267678
0.495636732,-0.05321353
0.49650937,-0.053159211
0.497382018,-0.053104723
0.498254674,-0.053050067
0.499127336,-0.052995243
0.5,-0.052940252
0.500872664,-0.052885094
0.501745326,-0.05282977
0.502617982,-0.052774281
0.50349063,-0.052718626
0.504363268,-0.052662808
0.505235892,-0.052606826
0.5061085,-0.052550681
0.50698109,-0.052494373
0.507853659,-0.052437904
0.508726203,-0.052381274
0.509598721,-0.052324483
0.51047121,-0.052267532
0.511343667,-0.052210422
0.512216089,-0.052153154
0.513088474,-0.052095727
0.513960819,-0.052038143
0.514833122,-0.051980402
0.51570538,-0.051922504
0.516577589,-0.051864452
0.517449748,-0.051806244
0.518321854,-0.051747881
0.519193905,-0.051689365
0.520065896,-0.051630696
0.520937827,-0.051571875
0.521809694,-0.051512901
0.522681494,-0.051453776
0.523553225,-0.0513945
0.524424885,-0.051335074
0.52529647,-0.051275499
0.526167978,-0.051215775
0.527039406,-0.051155903
0.527910752,-0.051095883
0.528782013,-0.051035716
0.529653187,-0.050975402
0.53052427,-0.050914943
0.53139526,-0.050854339
0.532266154,-0.05079359
0.53313695,-0.050732697
0.534007645,-0.050671661
0.534878237,-0.050610481
0.535748722,-0.05054916
0.536619099,-0.050487698
0.537489363,-0.050426094
0.538359514,-0.05036435
0.539229548,-0.050302467
0.540099462,-0.050240444
0.540969254,-0.050178283
0.541838922,-0.050115984
0.542708462,-0.050053548
0.543577871,-0.049990975
0.544447148,-0.049928266
0.54531629,-0.049865422
0.546185294,-0.049802443
0.547054157,-0.04973933
0.547922876,-0.049676083
0.54879145,-0.049612703
0.549659875,-0.049549191
0.550528149,-0.049485547
0.551396268,-0.049421772
0.552264232,-0.049357866
0.553132036,-0.04929383
0.553999678,-0.049229665
0.554867156,-0.049165372
0.555734466,-0.04910095
0.556601607,-0.049036401
0.557468575,-0.048971725
0.558335369,-0.048906922
0.559201984,-0.048841994
0.560068419,-0.048776941
0.560934672,-0.048711763
0.561800738,-0.048646461
0.562666617,-0.048581036
0.563532304,-0.048515488
0.564397798,-0.048449819
0.565263096,-0.048384028
0.566128195,-0.048318115
0.566993093,-0.048252083
0.567857786,-0.048185931
0.568722273,-0.04811966
0.56958655,-0.048053271
0.570450616,-0.047986763
0.571314467,-0.047920139
0.572178101,-0.047853397
0.573041514,-0.04778654
0.573904706,-0.047719567
0.574767672,-0.047652479
0.57563041,-0.047585277
0.576492918,-0.047517962
0.577355193,-0.047450533
0.578217233,-0.047382992
0.579079034,-0.047315339
0.579940594,-0.047247574
0.580801911,-0.047179699
0.581662981,-0.047111714
0.582523803,-0.047043619
0.583384373,-0.046975416
0.58424469,-0.046907104
0.58510475,-0.046838685
0.58596455,-0.046770158
0.586824089,-0.046701525
0.587683363,-0.046632786
0.58854237,-0.046563941
0.589401108,-0.046494992
0.590259573,-0.046425938
0.591117763,-0.046356782
0.591975675,-0.046287522
0.592833308,-0.046218159
0.593690657,-0.046148695
0.594547721,-0.04607913
0.595404498,-0.046009464
0.596260983,-0.045939698
0.597117176,-0.045869833
0.597973072,-0.045799868
0.59882867,-0.045729806
0.599683967,-0.045659646
0.600538961,-0.045589389
0.601393648,-0.045519035
0.602248026,-0.045448585
0.603102093,-0.04537804
0.603955845,-0.0453074
0.604809281,-0.045236666
0.605662398,-0.045165839
0.606515193,-0.045094918
0.607367664,-0.045023905
0.608219807,-0.0449528
0.609071621,-0.044881604
0.609923102,-0.044810317
0.610774249,-0.04473894
0.611625058,-0.044667474
0.612475527,-0.044595919
0.613325654,-0.044524275
0.614175435,-0.044452544
0.615024869,-0.044380725
0.615873952,-0.04430882
0.616722682,-0.044236828
0.617571057,-0.044164751
0.618419073,-0.04409259
0.619266729,-0.044020344
0.620114021,-0.043948014
0.620960948,-0.043875601
0.621807506,-0.043803105
0.622653693,-0.043730528
0.623499506,-0.043657868
0.624344944,-0.043585128
0.625190002,-0.043512308
0.626034679,-0.043439408
0.626878972,-0.043366429
0.627722879,-0.043293371
0.628566397,-0.043220235
0.629409523,-0.043147022
0.630252254,-0.043073732
0.631094589,-0.043000366
0.631936525,-0.042926923
0.632778059,-0.042853406
0.633619188,-0.042779814
0.63445991,-0.042706148
0.635300223,-0.042632408
0.636140124,-0.042558596
0.636979609,-0.042484711
0.637818678,-0.042410754
0.638657327,-0.042336726
0.639495553,-0.042262628
0.640333354,-0.042188459
0.641170728,-0.042114221
0.642007672,-0.042039914
0.642844184,-0.041965538
0.64368026,-0.041891094
0.644515898,-0.041816584
0.645351097,-0.041742006
0.646185852,-0.041667362
0.647020163,-0.041592653
0.647854025,-0.041517878
0.648687437,-0.04144304
0.649520396,-0.041368137
0.6503529,-0.04129317
0.651184945,-0.041218141
0.65201653,-0.04114305
0.652847652,-0.041067897
0.653678309,-0.040992682
0.654508497,-0.040917407
0.655338215,-0.040842072
0.656167459,-0.040766678
0.656996228,-0.040691224
0.657824518,-0.040615712
0.658652328,-0.040540142
0.659479655,-0.040464515
0.660306495,-0.040388831
0.661132848,-0.040313091
0.661958709,-0.040237295
0.662784077,-0.040161444
0.663608949,-0.040085539
0.664433323,-0.040009579
0.665257196,-0.039933566
0.666080566,-0.0398575
0.66690343,-0.039781382
0.667725785,-0.039705212
0.668547629,-0.03962899
0.66936896,-0.039552718
0.670189775,-0.039476395
0.671010072,-0.039400023
0.671829847,-0.039323602
0.672649099,-0.039247132
0.673467826,-0.039170614
0.674286024,-0.039094049
0.675103691,-0.039017437
0.675920824,-0.038940778
0.676737422,-0.038864073
0.677553481,-0.038787323
0.678369,-0.038710528
0.679183975,-0.038633689
0.679998404,-0.038556807
0.680812285,-0.038479881
0.681625615,-0.038402912
0.682438392,-0.038325901
0.683250613,-0.038248849
0.684062276,-0.038171755
0.684873379,-0.038094622
0.685683918,-0.038017448
0.686493891,-0.037940234
0.687303297,-0.037862982
0.688112132,-0.037785691
0.688920393,-0.037708363
0.68972808,-0.037630997
0.690535188,-0.037553595
0.691341716,-0.037476156
0.692147661,-0.037398681
0.692953021,-0.037321171
0.693757793,-0.037243627
0.694561975,-0.037166048
0.695365564,-0.037088436
0.696168558,-0.037010791
0.696970955,-0.036933113
0.697772751,-0.036855403
0.698573945,-0.036777662
0.699374534,-0.03669989
0.700174516,-0.036622087
0.700973888,-0.036544254
0.701772648,-0.036466392
0.702570793,-0.036388501
0.703368322,-0.036310582
0.70416523,-0.036232634
0.704961517,-0.03615466
0.705757179,-0.036076659
0.706552215,-0.035998631
0.707346621,-0.035920578
0.708140396,-0.035842499
0.708933537,-0.035764396
0.709726041,-0.035686269
0.710517907,-0.035608117
0.711309131,-0.035529943
0.712099711,-0.035451746
0.712889646,-0.035373527
0.713678932,-0.035295287
0.714467567,-0.035217025
0.715255548,-0.035138743
0.716042874,-0.035060441
0.716829542,-0.034982119
0.71761555,-0.034903778
0.718400894,-0.034825419
0.719185573,-0.034747042
0.719969585,-0.034668647
0.720752926,-0.034590235
0.721535595,-0.034511807
0.72231759,-0.034433363
0.723098907,-0.034354904
0.723879544,-0.034276429
0.724659499,-0.03419794
0.72543877,-0.034119438
0.726217355,-0.034040922
0.72699525,-0.033962393
0.727772454,-0.033883852
0.728548964,-0.033805299
0.729324777,-0.033726734
0.730099892,-0.033648159
0.730874307,-0.033569573
0.731648018,-0.033490978
0.732421023,-0.033412373
0.73319332,-0.03333376
0.733964907,-0.033255138
0.734735781,-0.033176509
0.735505941,-0.033097872
0.736275382,-0.033019228
0.737044105,-0.032940579
0.737812105,-0.032861923
0.73857938,-0.032783262
0.739345929,-0.032704597
0.740111749,-0.032625927
0.740876837,-0.032547253
0.741641192,-0.032468577
0.74240481,-0.032389897
0.74316769,-0.032311215
0.74392983,-0.032232532
0.744691226,-0.032153847
0.745451877,-0.032075162
0.74621178,-0.031996476
0.746970933,-0.031917791
0.747729334,-0.031839106
0.748486981,-0.031760423
0.74924387,-0.031681742
0.75,-0.031603062
0.750755369,-0.031524386
0.751509973,-0.031445713
0.752263812,-0.031367043
0.753016882,-0.031288378
0.753769181,-0.031209718
0.754520708,-0.031131062
0.755271459,-0.031052413
0.756021432,-0.03097377
0.756770626,-0.030895134
0.757519037,-0.030816505
0.758266664,-0.030737883
0.759013505,-0.03065927
0.759759556,-0.030580666
0.760504816,-0.03050207
0.761249282,-0.030423485
0.761992953,-0.03034491
0.762735826,-0.030266345
0.763477898,-0.030187792
0.764219167,-0.03010925
0.764959632,-0.030030721
0.76569929,-0.029952204
0.766438138,-0.029873701
0.767176175,-0.029795211
0.767913397,-0.029716735
0.768649804,-0.029638274
0.769385393,-0.029559828
0.77012016,-0.029481398
0.770854105,-0.029402984
0.771587225,-0.029324586
0.772319518,-0.029246206
0.773050981,-0.029167843
0.773781612,-0.029089498
0.774511409,-0.029011172
0.77524037,-0.028932865
0.775968493,-0.028854577
0.776695775,-0.028776309
0.777422214,-0.028698062
0.778147808,-0.028619836
0.778872554,-0.028541632
0.779596452,-0.028463449
0.780319497,-0.028385289
0.781041689,-0.028307152
0.781763024,-0.028229039
0.782483502,-0.028150949
0.783203118,-0.028072884
0.783921873,-0.027994843
0.784639762,-0.027916829
0.785356784,-0.027838839
0.786072937,-0.027760877
0.786788218,-0.027682941
0.787502626,-0.027605032
0.788216158,-0.027527152
0.788928812,-0.027449299
0.789640586,-0.027371476
0.790351478,-0.027293681
0.791061485,-0.027215917
0.791770606,-0.027138182
0.792478837,-0.027060479
0.793186178,-0.026982806
0.793892626,-0.026905166
0.794598179,-0.026827557
0.795302834,-0.026749981
0.796006589,-0.026672438
0.796709443,-0.026594929
0.797411393,-0.026517454
0.798112437,-0.026440014
0.798812573,-0.026362608
0.799511799,-0.026285238
0.800210113,-0.026207904
0.800907512,-0.026130607
0.801603994,-0.026053347
0.802299557,-0.025976124
0.8029942,-0.025898939
0.80368792,-0.025821792
0.804380715,-0.025744684
0.805072582,-0.025667616
0.80576352,-0.025590588
0.806453527,-0.025513599
0.8071426,-0.025436652
0.807830738,-0.025359746
0.808517938,-0.025282882
0.809204198,-0.02520606
0.809889516,-0.025129281
0.81057389,-0.025052545
0.811257318,-0.024975852
0.811939798,-0.024899204
0.812621328,-0.0248226
0.813301906,-0.024746042
0.813981529,-0.024669529
0.814660196,-0.024593062
0.815337904,-0.024516642
0.816014651,-0.024440269
0.816690436,-0.024363943
0.817365257,-0.024287665
0.81803911,-0.024211436
0.818711995,-0.024135255
0.819383909,-0.024059124
0.82005485,-0.023983043
0.820724816,-0.023907012
0.821393805,-0.023831032
0.822061815,-0.023755104
0.822728844,-0.023679227
0.82339489,-0.023603402
0.824059951,-0.02352763
0.824724024,-0.023451911
0.825387109,-0.023376246
0.826049202,-0.023300635
0.826710302,-0.023225079
0.827370407,-0.023149578
0.828029514,-0.023074132
0.828687623,-0.022998742
0.82934473,-0.022923409
0.830000834,-0.022848133
0.830655933,-0.022772914
0.831310024,-0.022697753
0.831963106,-0.022622651
0.832615177,-0.022547608
0.833266235,-0.022472623
0.833916278,-0.022397699
0.834565303,-0.022322835
0.835213309,-0.022248031
0.835860295,-0.022173289
0.836506257,-0.022098609
0.837151194,-0.02202399
0.837795104,-0.021949435
0.838437985,-0.021874942
0.839079835,-0.021800513
0.839720652,-0.021726148
0.840360434,-0.021651848
0.84099918,-0.021577612
0.841636887,-0.021503442
0.842273553,-0.021429338
0.842909176,-0.021355301
0.843543755,-0.02128133
0.844177288,-0.021207426
0.844809772,-0.021133591
0.845441206,-0.021059823
0.846071587,-0.020986125
0.846700914,-0.020912495
0.847329185,-0.020838935
0.847956398,-0.020765446
0.848582551,-0.020692027
0.849207643,-0.020618679
0.84983167,-0.020545402
0.850454632,-0.020472198
0.851076526,-0.020399066
0.851697351,-0.020326007
0.852317105,-0.020253021
0.852935785,-0.020180109
0.853553391,-0.020107272
0.854169919,-0.020034509
0.854785368,-0.019961822
0.855399737,-0.01988921
0.856013023,-0.019816675
0.856625225,-0.019744216
0.85723634,-0.019671835
0.857846367,-0.019599531
0.858455304,-0.019527305
0.859063149,-0.019455158
0.8596699,-0.019383089
0.860275556,-0.0193111
0.860880114,-0.019239191
0.861483573,-0.019167363
0.862085931,-0.019095615
0.862687186,-0.019023948
0.863287335,-0.018952364
0.863886379,-0.018880861
0.864484314,-0.018809442
0.865081138,-0.018738105
0.865676851,-0.018666852
0.866271449,-0.018595683
0.866864932,-0.018524599
0.867457298,-0.0184536
0.868048544,-0.018382686
0.868638668,-0.018311858
0.86922767,-0.018241117
0.869815547,-0.018170462
0.870402298,-0.018099895
0.87098792,-0.018029416
0.871572413,-0.017959024
0.872155773,-0.017888722
0.872738,-0.017818508
0.873319091,-0.017748385
0.873899045,-0.017678351
0.87447786,-0.017608408
0.875055535,-0.017538556
0.875632067,-0.017468795
0.876207454,-0.017399127
0.876781696,-0.01732955
0.87735479,-0.017260067
0.877926735,-0.017190677
0.878497528,-0.01712138
0.879067168,-0.017052178
0.879635654,-0.01698307
0.880202983,-0.016914058
0.880769154,-0.016845141
0.881334165,-0.01677632
0.881898014,-0.016707596
0.8824607,-0.016638969
0.883022222,-0.016570439
0.883582576,-0.016502007
0.884141762,-0.016433673
0.884699778,-0.016365438
0.885256621,-0.016297302
0.885812292,-0.016229266
0.886366787,-0.016161331
0.886920105,-0.016093495
0.887472244,-0.016025761
0.888023204,-0.015958128
0.888572981,-0.015890597
0.889121574,-0.015823169
0.889668982,-0.015755844
0.890215204,-0.015688621
0.890760236,-0.015621503
0.891304078,-0.015554489
0.891846729,-0.015487579
0.892388185,-0.015420775
0.892928447,-0.015354076
0.893467511,-0.015287483
0.894005377,-0.015220997
0.894542042,-0.015154617
0.895077506,-0.015088345
0.895611766,-0.015022181
0.896144822,-0.014956125
0.89667667,-0.014890178
0.89720731,-0.01482434
0.89773674,-0.014758612
0.898264959,-0.014692993
0.898791964,-0.014627486
0.899317755,-0.014562089
0.899842329,-0.014496803
0.900365685,-0.01443163
0.900887822,-0.014366568
0.901408738,-0.01430162
0.90192843,-0.014236785
0.902446899,-0.014172063
0.902964141,-0.014107455
0.903480156,-0.014042962
0.903994942,-0.013978584
0.904508497,-0.013914322
0.90502082,-0.013850175
0.905531909,-0.013786144
0.906041763,-0.01372223
0.906550381,-0.013658434
0.907057759,-0.013594755
0.907563898,-0.013531194
0.908068795,-0.013467752
0.908572449,-0.013404429
0.909074859,-0.013341225
0.909576022,-0.01327814
0.910075938,-0.013215177
0.910574605,-0.013152333
0.911072021,-0.013089612
0.911568184,-0.013027011
0.912063094,-0.012964533
0.912556749,-0.012902177
0.913049147,-0.012839944
0.913540287,-0.012777834
0.914030167,-0.012715849
0.914518786,-0.012653987
0.915006143,-0.01259225
0.915492235,-0.012530638
0.915977061,-0.012469152
0.91646062,-0.012407791
0.916942911,-0.012346557
0.917423932,-0.01228545
0.917903681,-0.01222447
0.918382157,-0.012163618
0.918859358,-0.012102894
0.919335284,-0.012042298
0.919809932,-0.011992034
0.920283302,-0.011941904
0.920755391,-0.011891911
0.921226199,-0.011842053
0.921695723,-0.011792331
0.922163963,-0.011742745
0.922630917,-0.011693295
0.923096583,-0.011643981
0.923560961,-0.011594804
0.924024048,-0.011545764
0.924485844,-0.01149686
0.924946346,-0.011448094
0.925405555,-0.011399464
0.925863467,-0.011350972
0.926320082,-0.011302617
0.926775399,-0.011254399
0.927229415,-0.011206319
0.92768213,-0.011158377
0.928133542,-0.011110573
0.92858365,-0.011062907
0.929032453,-0.01101538
0.929479948,-0.01096799
0.929926136,-0.01092074
0.930371014,-0.010873628
0.93081458,-0.010826655
0.931256835,-0.01077982
0.931697775,-0.010733125
0.932137401,-0.010686569
0.93257571,-0.010640153
0.933012702,-0.010593876
0.933448374,-0.010547739
0.933882727,-0.010501741
0.934315757,-0.010455884
0.934747465,-0.010410167
0.935177848,-0.01036459
0.935606906,-0.010319153
0.936034636,-0.010273857
0.936461039,-0.010228701
0.936886112,-0.010183686
0.937309854,-0.010138813
0.937732264,-0.01009408
0.93815334,-0.010049488
0.938573082,-0.010005038
0.938991488,-0.00996073
0.939408556,-0.009916563
0.939824286,-0.009872537
0.940238677,-0.009828654
0.940651726,-0.009784912
0.941063433,-0.009741313
0.941473796,-0.009697856
0.941882815,-0.009654541
0.942290488,-0.009611369
0.942696813,-0.00956834
0.94310179,-0.009525453
0.943505417,-0.00948271
0.943907693,-0.009440109
0.944308616,-0.009397652
0.944708187,-0.009355338
0.945106402,-0.009313167
0.945503262,-0.00927114
0.945898765,-0.009229257
0.946292909,-0.009187518
0.946685694,-0.009145922
0.947077118,-0.009104471
0.947467181,-0.009063164
0.94785588,-0.009022001
0.948243215,-0.008980983
0.948629185,-0.008940109
0.949013788,-0.00889938
0.949397023,-0.008858796
0.949778889,-0.008818356
0.950159386,-0.008778062
0.950538511,-0.008737913
0.950916263,-0.00869791
0.951292642,-0.008658052
0.951667646,-0.008618339
0.952041275,-0.008578773
0.952413526,-0.008539352
0.9527844,-0.008500077
0.953153894,-0.008460948
0.953522007,-0.008421965
0.953888739,-0.008383128
0.954254089,-0.008344438
0.954618055,-0.008305895
0.954980635,-0.008267498
0.95534183,-0.008229248
0.955701638,-0.008191144
0.956060058,-0.008153188
0.956417089,-0.008115379
0.956772729,-0.008077717
0.957126978,-0.008040203
0.957479834,-0.008002836
0.957831297,-0.007965616
0.958181365,-0.007928544
0.958530037,-0.00789162
0.958877313,-0.007854844
0.959223191,-0.007818216
0.95956767,-0.007781736
0.959910749,-0.007745405
0.960252427,-0.007709221
0.960592703,-0.007673186
0.960931576,-0.0076373
0.961269045,-0.007601563
0.961605109,-0.007565974
0.961939766,-0.007530534
0.962273017,-0.007495243
0.962604859,-0.007460101
0.962935292,-0.007425109
0.963264315,-0.007390266
0.963591927,-0.007355572
0.963918127,-0.007321028
0.964242913,-0.007286633
0.964566286,-0.007252389
0.964888243,-0.007218294
0.965208784,-0.007184349
0.965527908,-0.007150554
0.965845614,-0.007116909
0.966161901,-0.007083415
0.966476767,-0.007050071
0.966790213,-0.007016877
0.967102237,-0.006983834
0.967412838,-0.006950942
0.967722015,-0.006918201
0.968029768,-0.00688561
0.968336095,-0.00685317
0.968640995,-0.006820882
0.968944467,-0.006788744
0.969246511,-0.006756758
0.969547126,-0.006724924
0.96984631,-0.00669324
0.970144064,-0.006661709
0.970440384,-0.006630328
0.970735272,-0.0065991
0.971028726,-0.006568024
0.971320746,-0.006537099
0.971611329,-0.006506327
0.971900476,-0.006475707
0.972188185,-0.006445238
0.972474456,-0.006414923
0.972759288,-0.006384759
0.973042679,-0.006354749
0.97332463,-0.00632489
0.973605139,-0.006295185
0.973884205,-0.006265632
0.974161828,-0.006236232
0.974438006,-0.006206985
0.974712739,-0.006177891
0.974986026,-0.00614895
0.975257866,-0.006120163
0.975528258,-0.006091529
0.975797202,-0.006063048
0.976064696,-0.00603472
0.976330741,-0.006006547
0.976595334,-0.005978527
0.976858475,-0.00595066
0.977120164,-0.005922948
0.9773804,-0.005895389
0.977639181,-0.005867984
0.977896507,-0.005840734
0.978152378,-0.005813637
0.978406792,-0.005786695
0.978659749,-0.005759907
0.978911247,-0.005733274
0.979161287,-0.005706795
0.979409867,-0.005680471
0.979656987,-0.005654301
0.979902646,-0.005628286
0.980146843,-0.005602426
0.980389577,-0.005576721
0.980630848,-0.00555117
0.980870655,-0.005525775
0.981108997,-0.005500535
0.981345873,-0.00547545
0.981581283,-0.00545052
0.981815227,-0.005425746
0.982047702,-0.005401127
0.982278709,-0.005376664
0.982508247,-0.005352356
0.982736315,-0.005328204
0.982962913,-0.005304207
0.98318804,-0.005280367
0.983411694,-0.005256682
0.983633876,-0.005233153
0.983854585,-0.00520978
0.98407382,-0.005186564
0.984291581,-0.005163503
0.984507866,-0.005140599
0.984722675,-0.005117851
0.984936008,-0.005095259
0.985147863,-0.005072824
0.985358241,-0.005050545
0.98556714,-0.005028423
0.98577456,-0.005006457
0.9859805,-0.004984649
0.98618496,-0.004962996
0.986387939,-0.004941501
0.986589436,-0.004920163
0.986789451,-0.004898982
0.986987984,-0.004877957
0.987185032,-0.00485709
0.987380597,-0.00483638
0.987574677,-0.004815827
0.987767272,-0.004795431
0.987958381,-0.004775193
0.988148004,-0.004755112
0.988336139,-0.004735189
0.988522787,-0.004715423
0.988707947,-0.004695815
0.988891618,-0.004676365
0.9890738,-0.004657072
0.989254493,-0.004637937
0.989433694,-0.004618959
0.989611405,-0.00460014
0.989787625,-0.004581479
0.989962352,-0.004562975
0.990135587,-0.00454463
0.990307329,-0.004526442
0.990477578,-0.004508413
0.990646332,-0.004490542
0.990813592,-0.00447283
0.990979356,-0.004455276
0.991143625,-0.00443788
0.991306398,-0.004420642
0.991467675,-0.004403563
0.991627454,-0.004386643
0.991785735,-0.004369881
0.991942519,-0.004353278
0.992097804,-0.004336833
0.99225159,-0.004320547
0.992403877,-0.004304421
0.992554663,-0.004288452
0.992703949,-0.004272643
0.992851735,-0.004256993
0.992998019,-0.004241502
0.993142801,-0.004226169
0.993286081,-0.004210996
0.993427858,-0.004195982
0.993568133,-0.004181127
0.993706903,-0.004166432
0.99384417,-0.004151895
0.993979933,-0.004137518
0.994114191,-0.0041233
0.994246943,-0.004109242
0.994378191,-0.004095343
0.994507932,-0.004081604
0.994636166,-0.004068024
0.994762895,-0.004054603
0.994888115,-0.004041343
0.995011829,-0.004028241
0.995134034,-0.0040153
0.995254732,-0.004002518
0.99537392,-0.003989896
0.9954916,-0.003977434
0.99560777,-0.003965132
0.995722431,-0.00395299
0.995835581,-0.003941007
0.995947221,-0.003929184
0.996057351,-0.003917522
0.996165969,-0.003906019
0.996273076,-0.003894677
0.996378671,-0.003883494
0.996482754,-0.003872472
0.996585325,-0.00386161
0.996686383,-0.003850908
0.996785928,-0.003840366
0.99688396,-0.003829985
0.996980478,-0.003819764
0.997075482,-0.003809703
0.997168972,-0.003799803
0.997260948,-0.003790062
0.997351409,-0.003780483
0.997440354,-0.003771063
0.997527785,-0.003761805
0.9976137,-0.003752706
0.997698099,-0.003743769
0.997780982,-0.003734991
0.997862349,-0.003726375
0.997942199,-0.003717919
0.998020533,-0.003709623
0.998097349,-0.003701488
0.998172648,-0.003693514
0.99824643,-0.003685701
0.998318693,-0.003678048
0.998389439,-0.003670556
0.998458667,-0.003663225
0.998526376,-0.003656055
0.998592567,-0.003649046
0.998657239,-0.003642197
0.998720391,-0.003635509
0.998782025,-0.003628982
0.998842139,-0.003622616
0.998900734,-0.003616411
0.998957809,-0.003610367
0.999013364,-0.003604484
0.999067399,-0.003598761
0.999119914,-0.0035932
0.999170908,-0.0035878
0.999220382,-0.003582561
0.999268335,-0.003577482
0.999314767,-0.003572565
0.999359679,-0.003567809
0.999403069,-0.003563214
0.999444937,-0.00355878
0.999485285,-0.003554508
0.999524111,-0.003550396
0.999561415,-0.003546446
0.999597198,-0.003542656
0.999631458,-0.003539028
0.999664197,-0.003535561
0.999695414,-0.003532255
0.999725108,-0.003529111
0.99975328,-0.003526127
0.99977993,-0.003523305
0.999805058,-0.003520644
0.999828662,-0.003518144
0.999850745,-0.003515806
0.999871305,-0.003513629
0.999890342,-0.003511613
0.999907856,-0.003509758
0.999923848,-0.003508064
0.999938316,-0.003506532
0.999951262,-0.003505161
0.999962685,-0.003503952
0.999972585,-0.003502903
0.999980962,-0.003502016
0.999987815,-0.00350129
0.999993146,-0.003500726
0.999996954,-0.003500323
0.999999238,-0.003500081
1,-0.0035